-- Seed data — datos dummy de demo.
-- Generado desde scripts/seed.ts contra Postgres temporal.
-- Pegar en el SQL editor de Supabase DESPUÉS de 0000_initial_schema.sql.

BEGIN;

-- Data for Name: audit_log; Type: TABLE DATA; Schema: public; Owner: -
-- Data for Name: clients; Type: TABLE DATA; Schema: public; Owner: -
INSERT INTO public.clients (id, name, slug, prefix, logo_url, status, created_at) VALUES ('9c6bbffe-3529-4cc8-895a-de924c213e79', 'Copa Airlines', 'copa', 'COPA', NULL, 'active', '2026-05-12 17:53:55.610016+00');
INSERT INTO public.clients (id, name, slug, prefix, logo_url, status, created_at) VALUES ('acd04223-ba3c-4631-bbc7-445e81af6fc0', 'Cervecería Andina', 'andina', 'CRA', NULL, 'active', '2026-05-12 17:53:55.610016+00');
INSERT INTO public.clients (id, name, slug, prefix, logo_url, status, created_at) VALUES ('afdb9bf3-725d-48fc-af67-8d428fb78c24', 'Banco Pacífico', 'bpac', 'BPAC', NULL, 'active', '2026-05-12 17:53:55.610016+00');
INSERT INTO public.clients (id, name, slug, prefix, logo_url, status, created_at) VALUES ('9bf5ade7-e76c-49ed-94ea-3275a58aceba', 'Tienda Roma', 'tienda-roma', 'TR', NULL, 'paused', '2026-05-12 17:53:55.610016+00');
-- Data for Name: budget_origins; Type: TABLE DATA; Schema: public; Owner: -
INSERT INTO public.budget_origins (id, client_id, name, monthly_target_usd, color_hex, created_at) VALUES ('46cf1aab-a3a5-456e-9a3d-b89b231b643a', '9c6bbffe-3529-4cc8-895a-de924c213e79', 'Online', 200000.00, '#7a1f3d', '2026-05-12 17:53:55.623628+00');
INSERT INTO public.budget_origins (id, client_id, name, monthly_target_usd, color_hex, created_at) VALUES ('8fea17d4-2c5d-465e-9c97-b46c48bce192', '9c6bbffe-3529-4cc8-895a-de924c213e79', 'CMI', 80000.00, '#5e1730', '2026-05-12 17:53:55.623628+00');
INSERT INTO public.budget_origins (id, client_id, name, monthly_target_usd, color_hex, created_at) VALUES ('72ed4968-ace1-4a51-9e65-ed575fed23cd', '9c6bbffe-3529-4cc8-895a-de924c213e79', 'Trade', 50000.00, '#8b2a52', '2026-05-12 17:53:55.623628+00');
INSERT INTO public.budget_origins (id, client_id, name, monthly_target_usd, color_hex, created_at) VALUES ('c1ce52f7-4bff-447a-88fa-83ffefd0724d', 'acd04223-ba3c-4631-bbc7-445e81af6fc0', 'Brand', 60000.00, '#b56a17', '2026-05-12 17:53:55.626162+00');
INSERT INTO public.budget_origins (id, client_id, name, monthly_target_usd, color_hex, created_at) VALUES ('629a3988-c82e-4ffd-85fd-faba40243c0c', 'acd04223-ba3c-4631-bbc7-445e81af6fc0', 'Promo', 30000.00, '#d18a3b', '2026-05-12 17:53:55.626162+00');
INSERT INTO public.budget_origins (id, client_id, name, monthly_target_usd, color_hex, created_at) VALUES ('97da0aa7-9fc7-486b-9abb-c78c08ef0b87', 'afdb9bf3-725d-48fc-af67-8d428fb78c24', 'Retail', 70000.00, '#1f4d8c', '2026-05-12 17:53:55.628204+00');
INSERT INTO public.budget_origins (id, client_id, name, monthly_target_usd, color_hex, created_at) VALUES ('564cb2c1-b77c-4960-a3de-4b1752938c22', 'afdb9bf3-725d-48fc-af67-8d428fb78c24', 'Corporate', 40000.00, '#2c6bb8', '2026-05-12 17:53:55.628204+00');
INSERT INTO public.budget_origins (id, client_id, name, monthly_target_usd, color_hex, created_at) VALUES ('2e82ca00-888d-477f-9ee7-c56686bb07c6', '9bf5ade7-e76c-49ed-94ea-3275a58aceba', 'General', 20000.00, '#4f4f4f', '2026-05-12 17:53:55.629959+00');
-- Data for Name: publishers; Type: TABLE DATA; Schema: public; Owner: -
INSERT INTO public.publishers (id, slug, name, enabled, agency_pays_default, sort_order, created_at) VALUES ('ceca5033-b010-49ae-9b44-b7a2ebbb122d', 'youtube', 'YouTube', true, true, 0, '2026-05-12 17:53:55.593477+00');
INSERT INTO public.publishers (id, slug, name, enabled, agency_pays_default, sort_order, created_at) VALUES ('fa8772ff-e978-4982-a715-ec113ec87c59', 'meta', 'Meta', true, true, 1, '2026-05-12 17:53:55.593477+00');
INSERT INTO public.publishers (id, slug, name, enabled, agency_pays_default, sort_order, created_at) VALUES ('1d5cd775-39e8-44db-b66d-c8b0f73bd979', 'tiktok', 'TikTok', true, true, 2, '2026-05-12 17:53:55.593477+00');
INSERT INTO public.publishers (id, slug, name, enabled, agency_pays_default, sort_order, created_at) VALUES ('071f3f8a-b356-4c21-afa9-c21380739409', 'dv360', 'DV360', true, true, 3, '2026-05-12 17:53:55.593477+00');
INSERT INTO public.publishers (id, slug, name, enabled, agency_pays_default, sort_order, created_at) VALUES ('fedae674-bb54-44c8-b718-4d72bc5bef8d', 'display', 'Display', true, true, 4, '2026-05-12 17:53:55.593477+00');
INSERT INTO public.publishers (id, slug, name, enabled, agency_pays_default, sort_order, created_at) VALUES ('b3208fec-58b5-476b-bd68-d586ce3ed6eb', 'search', 'Google Search', true, true, 5, '2026-05-12 17:53:55.593477+00');
INSERT INTO public.publishers (id, slug, name, enabled, agency_pays_default, sort_order, created_at) VALUES ('2e2a0bf3-de26-4046-afd4-a220c89b9347', 'spotify', 'Spotify', true, true, 6, '2026-05-12 17:53:55.593477+00');
INSERT INTO public.publishers (id, slug, name, enabled, agency_pays_default, sort_order, created_at) VALUES ('e316afbd-7289-4941-9845-9bd0731ff60a', 'ooh', 'OOH (Out of Home)', true, false, 7, '2026-05-12 17:53:55.593477+00');
INSERT INTO public.publishers (id, slug, name, enabled, agency_pays_default, sort_order, created_at) VALUES ('70bc1e91-4273-4fb7-8183-eca3d5daf947', 'programmatic', 'Programmatic', true, true, 8, '2026-05-12 17:53:55.593477+00');
INSERT INTO public.publishers (id, slug, name, enabled, agency_pays_default, sort_order, created_at) VALUES ('30c05361-9210-42f2-b97f-7d08a30c7516', 'linkedin', 'LinkedIn', true, true, 9, '2026-05-12 17:53:55.593477+00');
INSERT INTO public.publishers (id, slug, name, enabled, agency_pays_default, sort_order, created_at) VALUES ('68d44c9d-12de-4bd9-ae45-27060c8c3a2b', 'x', 'X (Twitter)', true, true, 10, '2026-05-12 17:53:55.593477+00');
-- Data for Name: client_publishers; Type: TABLE DATA; Schema: public; Owner: -
INSERT INTO public.client_publishers (id, client_id, publisher_id, agency_pays, enabled, sort_order, created_at) VALUES ('7c9cee47-bbe7-4d25-bb58-28e4a3f11bf6', '9c6bbffe-3529-4cc8-895a-de924c213e79', 'ceca5033-b010-49ae-9b44-b7a2ebbb122d', true, true, 0, '2026-05-12 17:53:55.613078+00');
INSERT INTO public.client_publishers (id, client_id, publisher_id, agency_pays, enabled, sort_order, created_at) VALUES ('de41301a-3818-4eca-9106-69b70d153f8a', '9c6bbffe-3529-4cc8-895a-de924c213e79', 'fa8772ff-e978-4982-a715-ec113ec87c59', true, true, 1, '2026-05-12 17:53:55.613078+00');
INSERT INTO public.client_publishers (id, client_id, publisher_id, agency_pays, enabled, sort_order, created_at) VALUES ('a0068393-bf8d-4f42-b621-2a748b03bcbd', '9c6bbffe-3529-4cc8-895a-de924c213e79', '1d5cd775-39e8-44db-b66d-c8b0f73bd979', true, true, 2, '2026-05-12 17:53:55.613078+00');
INSERT INTO public.client_publishers (id, client_id, publisher_id, agency_pays, enabled, sort_order, created_at) VALUES ('61957e91-cd56-42f3-8b43-5ef1c2b1cc47', '9c6bbffe-3529-4cc8-895a-de924c213e79', '071f3f8a-b356-4c21-afa9-c21380739409', true, true, 3, '2026-05-12 17:53:55.613078+00');
INSERT INTO public.client_publishers (id, client_id, publisher_id, agency_pays, enabled, sort_order, created_at) VALUES ('002127f6-7ddf-4e5f-812d-9c5e96ba44e2', '9c6bbffe-3529-4cc8-895a-de924c213e79', 'fedae674-bb54-44c8-b718-4d72bc5bef8d', true, true, 4, '2026-05-12 17:53:55.613078+00');
INSERT INTO public.client_publishers (id, client_id, publisher_id, agency_pays, enabled, sort_order, created_at) VALUES ('8598e598-6b01-4a5e-89a0-00945ae0ba6e', '9c6bbffe-3529-4cc8-895a-de924c213e79', 'b3208fec-58b5-476b-bd68-d586ce3ed6eb', true, true, 5, '2026-05-12 17:53:55.613078+00');
INSERT INTO public.client_publishers (id, client_id, publisher_id, agency_pays, enabled, sort_order, created_at) VALUES ('764efa83-b14e-4b22-9af0-8a78d4f0cd34', '9c6bbffe-3529-4cc8-895a-de924c213e79', '2e2a0bf3-de26-4046-afd4-a220c89b9347', true, true, 6, '2026-05-12 17:53:55.613078+00');
INSERT INTO public.client_publishers (id, client_id, publisher_id, agency_pays, enabled, sort_order, created_at) VALUES ('65f8c7ab-ce3e-43da-880a-7fc9036f957e', '9c6bbffe-3529-4cc8-895a-de924c213e79', 'e316afbd-7289-4941-9845-9bd0731ff60a', false, true, 7, '2026-05-12 17:53:55.613078+00');
INSERT INTO public.client_publishers (id, client_id, publisher_id, agency_pays, enabled, sort_order, created_at) VALUES ('3ea2a1ec-a91e-4eef-8055-3a7256f27220', '9c6bbffe-3529-4cc8-895a-de924c213e79', '70bc1e91-4273-4fb7-8183-eca3d5daf947', true, true, 8, '2026-05-12 17:53:55.613078+00');
INSERT INTO public.client_publishers (id, client_id, publisher_id, agency_pays, enabled, sort_order, created_at) VALUES ('8fa6de2e-80f4-407e-b444-77840f3d1edc', 'acd04223-ba3c-4631-bbc7-445e81af6fc0', 'ceca5033-b010-49ae-9b44-b7a2ebbb122d', true, true, 0, '2026-05-12 17:53:55.616346+00');
INSERT INTO public.client_publishers (id, client_id, publisher_id, agency_pays, enabled, sort_order, created_at) VALUES ('b415b8fc-931f-44da-916b-f629c12954b7', 'acd04223-ba3c-4631-bbc7-445e81af6fc0', 'fa8772ff-e978-4982-a715-ec113ec87c59', true, true, 1, '2026-05-12 17:53:55.616346+00');
INSERT INTO public.client_publishers (id, client_id, publisher_id, agency_pays, enabled, sort_order, created_at) VALUES ('598aabdd-4c92-43e8-a187-0e708e70fa97', 'acd04223-ba3c-4631-bbc7-445e81af6fc0', '1d5cd775-39e8-44db-b66d-c8b0f73bd979', true, true, 2, '2026-05-12 17:53:55.616346+00');
INSERT INTO public.client_publishers (id, client_id, publisher_id, agency_pays, enabled, sort_order, created_at) VALUES ('8c70f06f-811d-4cc7-9377-3cb68c3b1288', 'acd04223-ba3c-4631-bbc7-445e81af6fc0', '2e2a0bf3-de26-4046-afd4-a220c89b9347', false, true, 3, '2026-05-12 17:53:55.616346+00');
INSERT INTO public.client_publishers (id, client_id, publisher_id, agency_pays, enabled, sort_order, created_at) VALUES ('cb7812c5-3128-4d9b-9fa7-5ea9324e1b76', 'acd04223-ba3c-4631-bbc7-445e81af6fc0', '70bc1e91-4273-4fb7-8183-eca3d5daf947', true, true, 4, '2026-05-12 17:53:55.616346+00');
INSERT INTO public.client_publishers (id, client_id, publisher_id, agency_pays, enabled, sort_order, created_at) VALUES ('a9374303-ba30-4776-b1a2-6f73e7442d23', 'acd04223-ba3c-4631-bbc7-445e81af6fc0', '68d44c9d-12de-4bd9-ae45-27060c8c3a2b', true, true, 5, '2026-05-12 17:53:55.616346+00');
INSERT INTO public.client_publishers (id, client_id, publisher_id, agency_pays, enabled, sort_order, created_at) VALUES ('0b5a8d3e-27b9-4b2d-ab15-51545252d5d1', 'afdb9bf3-725d-48fc-af67-8d428fb78c24', 'b3208fec-58b5-476b-bd68-d586ce3ed6eb', true, true, 0, '2026-05-12 17:53:55.618526+00');
INSERT INTO public.client_publishers (id, client_id, publisher_id, agency_pays, enabled, sort_order, created_at) VALUES ('c1208f6b-dbd3-45fb-9a15-59f0ccf6a61a', 'afdb9bf3-725d-48fc-af67-8d428fb78c24', 'fedae674-bb54-44c8-b718-4d72bc5bef8d', true, true, 1, '2026-05-12 17:53:55.618526+00');
INSERT INTO public.client_publishers (id, client_id, publisher_id, agency_pays, enabled, sort_order, created_at) VALUES ('7b7a4cec-faaa-4b69-808d-565a642289bd', 'afdb9bf3-725d-48fc-af67-8d428fb78c24', 'fa8772ff-e978-4982-a715-ec113ec87c59', true, true, 2, '2026-05-12 17:53:55.618526+00');
INSERT INTO public.client_publishers (id, client_id, publisher_id, agency_pays, enabled, sort_order, created_at) VALUES ('222270ff-e1ef-4f89-b9e2-717024395449', 'afdb9bf3-725d-48fc-af67-8d428fb78c24', '30c05361-9210-42f2-b97f-7d08a30c7516', true, true, 3, '2026-05-12 17:53:55.618526+00');
INSERT INTO public.client_publishers (id, client_id, publisher_id, agency_pays, enabled, sort_order, created_at) VALUES ('abf93252-3709-465e-ac1f-6f49ff7bc4d1', 'afdb9bf3-725d-48fc-af67-8d428fb78c24', '70bc1e91-4273-4fb7-8183-eca3d5daf947', true, true, 4, '2026-05-12 17:53:55.618526+00');
INSERT INTO public.client_publishers (id, client_id, publisher_id, agency_pays, enabled, sort_order, created_at) VALUES ('824b91c9-00a2-4ce7-923b-c3278210d625', 'afdb9bf3-725d-48fc-af67-8d428fb78c24', 'e316afbd-7289-4941-9845-9bd0731ff60a', true, true, 5, '2026-05-12 17:53:55.618526+00');
INSERT INTO public.client_publishers (id, client_id, publisher_id, agency_pays, enabled, sort_order, created_at) VALUES ('3f1b9741-c47e-40ec-bed9-b6726e5dfdea', '9bf5ade7-e76c-49ed-94ea-3275a58aceba', 'fa8772ff-e978-4982-a715-ec113ec87c59', true, true, 0, '2026-05-12 17:53:55.620921+00');
INSERT INTO public.client_publishers (id, client_id, publisher_id, agency_pays, enabled, sort_order, created_at) VALUES ('32c2c153-a1cf-4b29-85f3-93eb25a29cc1', '9bf5ade7-e76c-49ed-94ea-3275a58aceba', '1d5cd775-39e8-44db-b66d-c8b0f73bd979', true, true, 1, '2026-05-12 17:53:55.620921+00');
INSERT INTO public.client_publishers (id, client_id, publisher_id, agency_pays, enabled, sort_order, created_at) VALUES ('fa719b7a-1179-42df-90f3-da52b2cc98e9', '9bf5ade7-e76c-49ed-94ea-3275a58aceba', 'b3208fec-58b5-476b-bd68-d586ce3ed6eb', true, true, 2, '2026-05-12 17:53:55.620921+00');
-- Data for Name: markets; Type: TABLE DATA; Schema: public; Owner: -
INSERT INTO public.markets (id, slug, name, enabled, sort_order, created_at) VALUES ('ead7ac0a-c3fb-46e0-8a16-a10e684212d5', 'costa-rica', 'Costa Rica', true, 0, '2026-05-12 17:53:55.601571+00');
INSERT INTO public.markets (id, slug, name, enabled, sort_order, created_at) VALUES ('a1366e71-ef87-477b-bdb3-62579bbb9fc2', 'panama', 'Panama', true, 1, '2026-05-12 17:53:55.601571+00');
INSERT INTO public.markets (id, slug, name, enabled, sort_order, created_at) VALUES ('4817621b-de2a-4c5f-b6bd-29062ea40855', 'guatemala', 'Guatemala', true, 2, '2026-05-12 17:53:55.601571+00');
INSERT INTO public.markets (id, slug, name, enabled, sort_order, created_at) VALUES ('8b2d2b62-20e7-40b4-8afc-da7624062f0b', 'honduras', 'Honduras', true, 3, '2026-05-12 17:53:55.601571+00');
INSERT INTO public.markets (id, slug, name, enabled, sort_order, created_at) VALUES ('b3159ecb-763e-47c5-ab69-271212fa7279', 'el-salvador', 'El Salvador', true, 4, '2026-05-12 17:53:55.601571+00');
INSERT INTO public.markets (id, slug, name, enabled, sort_order, created_at) VALUES ('d1a37038-0983-4cf5-ba69-406c5876fbde', 'nicaragua', 'Nicaragua', true, 5, '2026-05-12 17:53:55.601571+00');
INSERT INTO public.markets (id, slug, name, enabled, sort_order, created_at) VALUES ('3aebba33-a542-412f-bea2-c9205d7bca57', 'mexico', 'México', true, 6, '2026-05-12 17:53:55.601571+00');
INSERT INTO public.markets (id, slug, name, enabled, sort_order, created_at) VALUES ('660cee43-20a1-48fe-93b3-c644d75ff4dc', 'argentina', 'Argentina', true, 7, '2026-05-12 17:53:55.601571+00');
INSERT INTO public.markets (id, slug, name, enabled, sort_order, created_at) VALUES ('8eb30dcf-ed4f-426f-93ad-85daf0d4fafe', 'brasil', 'Brasil', true, 8, '2026-05-12 17:53:55.601571+00');
INSERT INTO public.markets (id, slug, name, enabled, sort_order, created_at) VALUES ('45fed9c8-7df2-4aec-a5bb-ba0e18a8aa41', 'chile', 'Chile', true, 9, '2026-05-12 17:53:55.601571+00');
INSERT INTO public.markets (id, slug, name, enabled, sort_order, created_at) VALUES ('11c65dfc-306a-43b4-99f4-60165914c2cd', 'colombia', 'Colombia', true, 10, '2026-05-12 17:53:55.601571+00');
INSERT INTO public.markets (id, slug, name, enabled, sort_order, created_at) VALUES ('ac95e516-9acb-457e-b5d4-0ede4fe53b15', 'peru', 'Perú', true, 11, '2026-05-12 17:53:55.601571+00');
INSERT INTO public.markets (id, slug, name, enabled, sort_order, created_at) VALUES ('161bad8b-b554-41d5-b488-40b878859704', 'centroamerica', 'Centroamérica', true, 50, '2026-05-12 17:53:55.601571+00');
INSERT INTO public.markets (id, slug, name, enabled, sort_order, created_at) VALUES ('14df85da-901d-424c-a9a9-a54e4521fc8c', 'latam', 'LATAM', true, 51, '2026-05-12 17:53:55.601571+00');
-- Data for Name: projects; Type: TABLE DATA; Schema: public; Owner: -
INSERT INTO public.projects (id, client_id, budget_origin_id, code, name, status, start_date, total_gross_budget_usd, drive_folder_url, notes_md, created_at) VALUES ('bb32f919-d528-47a8-99d3-6bff308b3eeb', '9c6bbffe-3529-4cc8-895a-de924c213e79', '46cf1aab-a3a5-456e-9a3d-b89b231b643a', 'COPA.m2026A01.CostaRica2026', 'Costa Rica 2026', 'active', '2026-02-01', 300000.00, NULL, 'Campaña multi-funnel para promoción de Costa Rica. Awareness + Consideration + Performance.', '2026-05-12 17:53:55.632688+00');
INSERT INTO public.projects (id, client_id, budget_origin_id, code, name, status, start_date, total_gross_budget_usd, drive_folder_url, notes_md, created_at) VALUES ('54277bb2-809f-4c28-8a19-22440e5e8945', '9c6bbffe-3529-4cc8-895a-de924c213e79', '8fea17d4-2c5d-465e-9c97-b46c48bce192', 'COPA.m2026B02.PanamaSummer', 'Panama Summer 2026', 'active', '2026-03-01', 450000.00, NULL, NULL, '2026-05-12 17:53:55.632688+00');
INSERT INTO public.projects (id, client_id, budget_origin_id, code, name, status, start_date, total_gross_budget_usd, drive_folder_url, notes_md, created_at) VALUES ('df60a6aa-0568-4398-ab2a-69f5edd37f08', '9c6bbffe-3529-4cc8-895a-de924c213e79', '72ed4968-ace1-4a51-9e65-ed575fed23cd', 'COPA.m2026C03.MiamiHubGrowth', 'Miami Hub Growth', 'planning', '2026-06-01', 200000.00, NULL, NULL, '2026-05-12 17:53:55.632688+00');
INSERT INTO public.projects (id, client_id, budget_origin_id, code, name, status, start_date, total_gross_budget_usd, drive_folder_url, notes_md, created_at) VALUES ('64096ad3-58d9-472b-ad10-74d53cd26a35', '9c6bbffe-3529-4cc8-895a-de924c213e79', '46cf1aab-a3a5-456e-9a3d-b89b231b643a', 'COPA.m2026D04.BogotaHubExpansion', 'Bogota Hub Expansion', 'paused', '2026-04-01', 180000.00, NULL, 'Pausado en mayo por restructuración del hub. Se reactiva Q3.', '2026-05-12 17:53:55.632688+00');
INSERT INTO public.projects (id, client_id, budget_origin_id, code, name, status, start_date, total_gross_budget_usd, drive_folder_url, notes_md, created_at) VALUES ('325cc42e-1638-47a8-a11c-a09310a72cd7', '9c6bbffe-3529-4cc8-895a-de924c213e79', '46cf1aab-a3a5-456e-9a3d-b89b231b643a', 'COPA.m2025X01.LegacyEoY2025', 'End of Year 2025', 'closed', '2025-10-01', 250000.00, NULL, 'Cerrado en enero 2026.', '2026-05-12 17:53:55.632688+00');
INSERT INTO public.projects (id, client_id, budget_origin_id, code, name, status, start_date, total_gross_budget_usd, drive_folder_url, notes_md, created_at) VALUES ('ceea025c-1920-4f86-a562-c27416b739f1', 'acd04223-ba3c-4631-bbc7-445e81af6fc0', 'c1ce52f7-4bff-447a-88fa-83ffefd0724d', 'CRA.m2026E01.LanzamientoIPA', 'Lanzamiento IPA Cordillera', 'active', '2026-04-01', 120000.00, NULL, 'Lanzamiento de nueva línea premium.', '2026-05-12 17:53:55.632688+00');
INSERT INTO public.projects (id, client_id, budget_origin_id, code, name, status, start_date, total_gross_budget_usd, drive_folder_url, notes_md, created_at) VALUES ('8f45e64c-209d-4860-9a75-3f8519496961', 'acd04223-ba3c-4631-bbc7-445e81af6fc0', '629a3988-c82e-4ffd-85fd-faba40243c0c', 'CRA.m2026F02.VeranoBrand', 'Verano Brand 2026', 'planning', '2026-11-15', 90000.00, NULL, 'Campaña de verano sur — arranca Q4.', '2026-05-12 17:53:55.632688+00');
INSERT INTO public.projects (id, client_id, budget_origin_id, code, name, status, start_date, total_gross_budget_usd, drive_folder_url, notes_md, created_at) VALUES ('995560bd-4d2d-4505-85a2-300f5f0651d4', 'afdb9bf3-725d-48fc-af67-8d428fb78c24', '97da0aa7-9fc7-486b-9abb-c78c08ef0b87', 'BPAC.m2026G01.CuentasJovenes', 'Cuentas Jóvenes 2026', 'active', '2026-03-01', 180000.00, NULL, 'Adquisición de cuentas para 18-29.', '2026-05-12 17:53:55.632688+00');
INSERT INTO public.projects (id, client_id, budget_origin_id, code, name, status, start_date, total_gross_budget_usd, drive_folder_url, notes_md, created_at) VALUES ('d94242ba-97a8-475d-aee6-a4ddcb35053a', 'afdb9bf3-725d-48fc-af67-8d428fb78c24', '564cb2c1-b77c-4960-a3de-4b1752938c22', 'BPAC.m2026H02.PrestamosDigitales', 'Préstamos Digitales', 'active', '2026-04-15', 140000.00, NULL, NULL, '2026-05-12 17:53:55.632688+00');
INSERT INTO public.projects (id, client_id, budget_origin_id, code, name, status, start_date, total_gross_budget_usd, drive_folder_url, notes_md, created_at) VALUES ('0d2981a1-d430-49a8-b562-7ba475a6dfdb', 'afdb9bf3-725d-48fc-af67-8d428fb78c24', '97da0aa7-9fc7-486b-9abb-c78c08ef0b87', 'BPAC.m2025Y01.Clausura2025', 'Clausura Año 2025', 'closed', '2025-11-01', 95000.00, NULL, NULL, '2026-05-12 17:53:55.632688+00');
INSERT INTO public.projects (id, client_id, budget_origin_id, code, name, status, start_date, total_gross_budget_usd, drive_folder_url, notes_md, created_at) VALUES ('a31a9a90-4a90-43e7-9316-203c6cf90920', '9bf5ade7-e76c-49ed-94ea-3275a58aceba', '2e82ca00-888d-477f-9ee7-c56686bb07c6', 'TR.m2025Z01.BlackFriday2025', 'Black Friday 2025', 'closed', '2025-10-15', 45000.00, NULL, NULL, '2026-05-12 17:53:55.632688+00');
-- Data for Name: media_plans; Type: TABLE DATA; Schema: public; Owner: -
INSERT INTO public.media_plans (id, project_id, name, status, current_version, notes_md, created_at) VALUES ('e138cfc3-0c19-4015-af24-a3a051aa6f07', 'bb32f919-d528-47a8-99d3-6bff308b3eeb', 'Awareness', 'approved', 1, 'Plan upper-funnel para construir conocimiento del destino.', '2026-05-12 17:53:55.63618+00');
INSERT INTO public.media_plans (id, project_id, name, status, current_version, notes_md, created_at) VALUES ('8ec18bcd-79e6-44c1-bd65-f7dadecb7a8f', 'bb32f919-d528-47a8-99d3-6bff308b3eeb', 'Consideration', 'draft', 0, 'Plan mid-funnel para mover audiencias a consideración. Solapa con Awareness en Marzo.', '2026-05-12 17:53:55.655883+00');
INSERT INTO public.media_plans (id, project_id, name, status, current_version, notes_md, created_at) VALUES ('5b56684e-a483-498e-b897-dde8802efb56', 'bb32f919-d528-47a8-99d3-6bff308b3eeb', 'Performance', 'ready_to_send', 0, 'Plan lower-funnel: search + conversion. Esperando firma del cliente.', '2026-05-12 17:53:55.671449+00');
INSERT INTO public.media_plans (id, project_id, name, status, current_version, notes_md, created_at) VALUES ('33749ac9-0eed-4821-811a-49e398559bb4', 'bb32f919-d528-47a8-99d3-6bff308b3eeb', 'Awareness Q1 (legacy)', 'archived', 1, 'Versión inicial Q1 reemplazada por el plan Awareness actual.', '2026-05-12 17:53:55.682883+00');
INSERT INTO public.media_plans (id, project_id, name, status, current_version, notes_md, created_at) VALUES ('4a4fde3e-4878-42a1-a908-1e4ec02a8406', '54277bb2-809f-4c28-8a19-22440e5e8945', 'Brand Continuous', 'approved', 2, 'Plan always-on de marca para Panama Summer.', '2026-05-12 17:53:55.715829+00');
INSERT INTO public.media_plans (id, project_id, name, status, current_version, notes_md, created_at) VALUES ('77b15a9e-b0a1-459d-8031-5d9408e93197', '54277bb2-809f-4c28-8a19-22440e5e8945', 'Promo Lanzamiento', 'approved', 1, 'Burst de lanzamiento de promoción Summer Panama.', '2026-05-12 17:53:55.729202+00');
INSERT INTO public.media_plans (id, project_id, name, status, current_version, notes_md, created_at) VALUES ('25216a08-d4cd-4dde-9268-92f8ddc920aa', '64096ad3-58d9-472b-ad10-74d53cd26a35', 'Hub Awareness', 'approved', 1, 'Plan original. Pausado junto con el proyecto.', '2026-05-12 17:53:55.743029+00');
INSERT INTO public.media_plans (id, project_id, name, status, current_version, notes_md, created_at) VALUES ('ccde1731-d727-41ff-bea5-2a29448ba132', '325cc42e-1638-47a8-a11c-a09310a72cd7', 'End of Year Brand', 'approved', 1, 'Cierre 2025 — facturado y cerrado.', '2026-05-12 17:53:55.756523+00');
INSERT INTO public.media_plans (id, project_id, name, status, current_version, notes_md, created_at) VALUES ('49fac602-51ac-48d4-81d2-666da05bd625', 'ceea025c-1920-4f86-a562-c27416b739f1', 'IPA Lanzamiento', 'approved', 1, 'Lanzamiento de la IPA Cordillera. Burst inicial + sustaining.', '2026-05-12 17:53:55.767943+00');
INSERT INTO public.media_plans (id, project_id, name, status, current_version, notes_md, created_at) VALUES ('4bed88ca-55f7-4c10-80bd-859684d86dce', 'ceea025c-1920-4f86-a562-c27416b739f1', 'Performance IPA', 'draft', 0, 'Conversión a e-commerce — pendiente de definición creativa.', '2026-05-12 17:53:55.786862+00');
INSERT INTO public.media_plans (id, project_id, name, status, current_version, notes_md, created_at) VALUES ('69025094-5a74-4ae0-b778-d6c467347a74', '8f45e64c-209d-4860-9a75-3f8519496961', 'Verano Brand Awareness', 'ready_to_send', 0, 'Plan principal. Esperando aprobación del CMO.', '2026-05-12 17:53:55.793224+00');
INSERT INTO public.media_plans (id, project_id, name, status, current_version, notes_md, created_at) VALUES ('f7953d94-8b9e-410c-9788-9f387f1ef1b0', '995560bd-4d2d-4505-85a2-300f5f0651d4', 'Cuentas Adquisición', 'approved', 1, 'Adquisición digital de cuentas para 18-29.', '2026-05-12 17:53:55.80322+00');
INSERT INTO public.media_plans (id, project_id, name, status, current_version, notes_md, created_at) VALUES ('d6461cac-2811-475f-9751-5238a20b437b', '995560bd-4d2d-4505-85a2-300f5f0651d4', 'OOH Cuentas', 'approved', 1, 'OOH físico Lima — agencia paga (override).', '2026-05-12 17:53:55.818292+00');
INSERT INTO public.media_plans (id, project_id, name, status, current_version, notes_md, created_at) VALUES ('2e46bccf-30b9-4b4f-a36a-499e518991bd', 'd94242ba-97a8-475d-aee6-a4ddcb35053a', 'Préstamos Search', 'approved', 1, NULL, '2026-05-12 17:53:55.826379+00');
INSERT INTO public.media_plans (id, project_id, name, status, current_version, notes_md, created_at) VALUES ('9c31c053-5fe1-4b2c-9c7d-5d7e5f526c3b', 'd94242ba-97a8-475d-aee6-a4ddcb35053a', 'Display Retargeting', 'ready_to_send', 0, NULL, '2026-05-12 17:53:55.837518+00');
INSERT INTO public.media_plans (id, project_id, name, status, current_version, notes_md, created_at) VALUES ('f3c4c3fb-a6c4-4495-a65b-d4fc1712a916', '0d2981a1-d430-49a8-b562-7ba475a6dfdb', 'Clausura Brand', 'approved', 1, 'Cerrado, facturado completo.', '2026-05-12 17:53:55.843945+00');
INSERT INTO public.media_plans (id, project_id, name, status, current_version, notes_md, created_at) VALUES ('ce1279d9-36a6-4f1d-aefe-da120894fb5c', 'a31a9a90-4a90-43e7-9316-203c6cf90920', 'Black Friday Burst', 'approved', 1, 'Cliente pausado. Plan último de la temporada 2025.', '2026-05-12 17:53:55.851405+00');
-- Data for Name: media_plan_fees; Type: TABLE DATA; Schema: public; Owner: -
INSERT INTO public.media_plan_fees (id, media_plan_id, fee_type, name, rate_pct, amount_usd, notes, sort_order) VALUES ('68e494e7-cea2-4793-bfb8-baf15fcc7dee', 'e138cfc3-0c19-4015-af24-a3a051aa6f07', 'management', 'Management Fee', 15.00, 0.00, NULL, 0);
INSERT INTO public.media_plan_fees (id, media_plan_id, fee_type, name, rate_pct, amount_usd, notes, sort_order) VALUES ('db4e5fc9-9eb9-4fd3-b71e-615f16a651bc', 'e138cfc3-0c19-4015-af24-a3a051aa6f07', 'setup', 'Set Up Fee', NULL, 1000.00, NULL, 1);
INSERT INTO public.media_plan_fees (id, media_plan_id, fee_type, name, rate_pct, amount_usd, notes, sort_order) VALUES ('be46ac3b-f457-41d9-871a-13a6b0996380', 'e138cfc3-0c19-4015-af24-a3a051aa6f07', 'reporting', 'Reporting Fee', NULL, 2000.00, NULL, 2);
INSERT INTO public.media_plan_fees (id, media_plan_id, fee_type, name, rate_pct, amount_usd, notes, sort_order) VALUES ('5bd46d06-3cab-4685-ac26-66477684374d', '8ec18bcd-79e6-44c1-bd65-f7dadecb7a8f', 'management', 'Management Fee', 15.00, 0.00, NULL, 0);
INSERT INTO public.media_plan_fees (id, media_plan_id, fee_type, name, rate_pct, amount_usd, notes, sort_order) VALUES ('d1f4a7dc-89ae-4129-a9ef-9448ff73a1a7', '8ec18bcd-79e6-44c1-bd65-f7dadecb7a8f', 'setup', 'Set Up Fee', NULL, 500.00, NULL, 1);
INSERT INTO public.media_plan_fees (id, media_plan_id, fee_type, name, rate_pct, amount_usd, notes, sort_order) VALUES ('e2d3e69f-f9b6-4b04-8cd4-4ade554d5e7f', '8ec18bcd-79e6-44c1-bd65-f7dadecb7a8f', 'reporting', 'Reporting Fee', NULL, 2000.00, NULL, 2);
INSERT INTO public.media_plan_fees (id, media_plan_id, fee_type, name, rate_pct, amount_usd, notes, sort_order) VALUES ('534069a9-54eb-4c4b-be70-894a9e7a4141', '5b56684e-a483-498e-b897-dde8802efb56', 'management', 'Management Fee', 15.00, 0.00, NULL, 0);
INSERT INTO public.media_plan_fees (id, media_plan_id, fee_type, name, rate_pct, amount_usd, notes, sort_order) VALUES ('dbca0570-f838-4ae9-b1b0-30b02411b3fc', '5b56684e-a483-498e-b897-dde8802efb56', 'setup', 'Set Up Fee', NULL, 500.00, NULL, 1);
INSERT INTO public.media_plan_fees (id, media_plan_id, fee_type, name, rate_pct, amount_usd, notes, sort_order) VALUES ('89dd7207-fd2c-4b9b-afd7-5b8494a987bf', '33749ac9-0eed-4821-811a-49e398559bb4', 'management', 'Management Fee', 15.00, 0.00, NULL, 0);
INSERT INTO public.media_plan_fees (id, media_plan_id, fee_type, name, rate_pct, amount_usd, notes, sort_order) VALUES ('cd5d32ba-69eb-4c21-9d02-cd926d6787a7', '4a4fde3e-4878-42a1-a908-1e4ec02a8406', 'management', 'Management Fee', 15.00, 0.00, NULL, 0);
INSERT INTO public.media_plan_fees (id, media_plan_id, fee_type, name, rate_pct, amount_usd, notes, sort_order) VALUES ('ae660a65-eb13-4cf9-9679-4ccb79e0a66b', '4a4fde3e-4878-42a1-a908-1e4ec02a8406', 'reporting', 'Reporting Fee', NULL, 6000.00, NULL, 1);
INSERT INTO public.media_plan_fees (id, media_plan_id, fee_type, name, rate_pct, amount_usd, notes, sort_order) VALUES ('f93c02e0-bf3d-484d-b0d2-4498facd449c', '77b15a9e-b0a1-459d-8031-5d9408e93197', 'management', 'Management Fee', 15.00, 0.00, NULL, 0);
INSERT INTO public.media_plan_fees (id, media_plan_id, fee_type, name, rate_pct, amount_usd, notes, sort_order) VALUES ('40b1d6de-2fa4-44ae-a1c4-5c45e48be957', '77b15a9e-b0a1-459d-8031-5d9408e93197', 'setup', 'Set Up Fee', NULL, 500.00, NULL, 1);
INSERT INTO public.media_plan_fees (id, media_plan_id, fee_type, name, rate_pct, amount_usd, notes, sort_order) VALUES ('a13ec6f4-47c0-4738-80a4-7a1e54f7d273', '25216a08-d4cd-4dde-9268-92f8ddc920aa', 'management', 'Management Fee', 15.00, 0.00, NULL, 0);
INSERT INTO public.media_plan_fees (id, media_plan_id, fee_type, name, rate_pct, amount_usd, notes, sort_order) VALUES ('c7a7c3a9-0845-451a-9b56-15359530433e', '25216a08-d4cd-4dde-9268-92f8ddc920aa', 'reporting', 'Reporting Fee', NULL, 1500.00, NULL, 1);
INSERT INTO public.media_plan_fees (id, media_plan_id, fee_type, name, rate_pct, amount_usd, notes, sort_order) VALUES ('3d569425-cdf0-48ae-abce-17f29b2d8bd0', 'ccde1731-d727-41ff-bea5-2a29448ba132', 'management', 'Management Fee', 15.00, 0.00, NULL, 0);
INSERT INTO public.media_plan_fees (id, media_plan_id, fee_type, name, rate_pct, amount_usd, notes, sort_order) VALUES ('fbd15f29-39a0-4384-8237-2cc641df2e07', '49fac602-51ac-48d4-81d2-666da05bd625', 'management', 'Management Fee', 18.00, 0.00, NULL, 0);
INSERT INTO public.media_plan_fees (id, media_plan_id, fee_type, name, rate_pct, amount_usd, notes, sort_order) VALUES ('2003b592-924a-4ea3-8a5c-e02db6243096', '49fac602-51ac-48d4-81d2-666da05bd625', 'setup', 'Set Up Fee', NULL, 1500.00, NULL, 1);
INSERT INTO public.media_plan_fees (id, media_plan_id, fee_type, name, rate_pct, amount_usd, notes, sort_order) VALUES ('ba367f26-6b7a-48b1-ae7c-f8240e0be1f1', '4bed88ca-55f7-4c10-80bd-859684d86dce', 'management', 'Management Fee', 18.00, 0.00, NULL, 0);
INSERT INTO public.media_plan_fees (id, media_plan_id, fee_type, name, rate_pct, amount_usd, notes, sort_order) VALUES ('4e85629a-a385-4c87-9d65-6b117e4eed8d', '69025094-5a74-4ae0-b778-d6c467347a74', 'management', 'Management Fee', 18.00, 0.00, NULL, 0);
INSERT INTO public.media_plan_fees (id, media_plan_id, fee_type, name, rate_pct, amount_usd, notes, sort_order) VALUES ('a1d30bb0-77ab-44fe-b956-bca961629e63', '69025094-5a74-4ae0-b778-d6c467347a74', 'setup', 'Set Up Fee', NULL, 800.00, NULL, 1);
INSERT INTO public.media_plan_fees (id, media_plan_id, fee_type, name, rate_pct, amount_usd, notes, sort_order) VALUES ('587f47fd-1bf3-49e2-b378-2f114d99eb23', 'f7953d94-8b9e-410c-9788-9f387f1ef1b0', 'management', 'Management Fee', 12.00, 0.00, NULL, 0);
INSERT INTO public.media_plan_fees (id, media_plan_id, fee_type, name, rate_pct, amount_usd, notes, sort_order) VALUES ('41ff9476-c970-44c4-bac6-5817d4919b16', 'f7953d94-8b9e-410c-9788-9f387f1ef1b0', 'setup', 'Set Up Fee', NULL, 2000.00, NULL, 1);
INSERT INTO public.media_plan_fees (id, media_plan_id, fee_type, name, rate_pct, amount_usd, notes, sort_order) VALUES ('f6dafb36-5736-4ba6-84cf-701e7f3453ec', 'f7953d94-8b9e-410c-9788-9f387f1ef1b0', 'reporting', 'Reporting Fee', NULL, 3000.00, NULL, 2);
INSERT INTO public.media_plan_fees (id, media_plan_id, fee_type, name, rate_pct, amount_usd, notes, sort_order) VALUES ('46edc6b0-2aef-482c-bc78-c3a6b8acbb8c', 'd6461cac-2811-475f-9751-5238a20b437b', 'management', 'Management Fee', 12.00, 0.00, NULL, 0);
INSERT INTO public.media_plan_fees (id, media_plan_id, fee_type, name, rate_pct, amount_usd, notes, sort_order) VALUES ('2a779789-55d1-480b-8c27-6ef942fd614f', '2e46bccf-30b9-4b4f-a36a-499e518991bd', 'management', 'Management Fee', 12.00, 0.00, NULL, 0);
INSERT INTO public.media_plan_fees (id, media_plan_id, fee_type, name, rate_pct, amount_usd, notes, sort_order) VALUES ('70f9dd5c-2bf2-4069-bd76-61a5d9097934', '9c31c053-5fe1-4b2c-9c7d-5d7e5f526c3b', 'management', 'Management Fee', 12.00, 0.00, NULL, 0);
INSERT INTO public.media_plan_fees (id, media_plan_id, fee_type, name, rate_pct, amount_usd, notes, sort_order) VALUES ('c357e6da-9660-4157-a2c6-85668d0f4678', 'f3c4c3fb-a6c4-4495-a65b-d4fc1712a916', 'management', 'Management Fee', 12.00, 0.00, NULL, 0);
INSERT INTO public.media_plan_fees (id, media_plan_id, fee_type, name, rate_pct, amount_usd, notes, sort_order) VALUES ('84058ebe-a494-4730-8df9-929b288d850b', 'ce1279d9-36a6-4f1d-aefe-da120894fb5c', 'management', 'Management Fee', 15.00, 0.00, NULL, 0);
INSERT INTO public.media_plan_fees (id, media_plan_id, fee_type, name, rate_pct, amount_usd, notes, sort_order) VALUES ('c3da9ffa-56d3-4f59-bc2f-f9a8cbdab5b2', 'ce1279d9-36a6-4f1d-aefe-da120894fb5c', 'setup', 'Set Up Fee', NULL, 500.00, NULL, 1);
-- Data for Name: media_plan_publishers; Type: TABLE DATA; Schema: public; Owner: -
INSERT INTO public.media_plan_publishers (id, media_plan_id, publisher_id, total_planned_usd, agency_pays_override, sort_order, created_at) VALUES ('002b5d75-a58b-442d-9684-5b9e7b1e90ae', 'e138cfc3-0c19-4015-af24-a3a051aa6f07', 'ceca5033-b010-49ae-9b44-b7a2ebbb122d', 45000.00, NULL, 0, '2026-05-12 17:53:55.638204+00');
INSERT INTO public.media_plan_publishers (id, media_plan_id, publisher_id, total_planned_usd, agency_pays_override, sort_order, created_at) VALUES ('72df3703-123a-49df-b056-a264ba3e4d16', 'e138cfc3-0c19-4015-af24-a3a051aa6f07', 'fa8772ff-e978-4982-a715-ec113ec87c59', 35000.00, NULL, 1, '2026-05-12 17:53:55.642594+00');
INSERT INTO public.media_plan_publishers (id, media_plan_id, publisher_id, total_planned_usd, agency_pays_override, sort_order, created_at) VALUES ('a04031da-5459-4c41-b680-1c9fafd5492f', 'e138cfc3-0c19-4015-af24-a3a051aa6f07', '1d5cd775-39e8-44db-b66d-c8b0f73bd979', 20000.00, NULL, 2, '2026-05-12 17:53:55.646572+00');
INSERT INTO public.media_plan_publishers (id, media_plan_id, publisher_id, total_planned_usd, agency_pays_override, sort_order, created_at) VALUES ('1397525a-4d1c-41e0-84fa-bad23874723b', '8ec18bcd-79e6-44c1-bd65-f7dadecb7a8f', 'fa8772ff-e978-4982-a715-ec113ec87c59', 25000.00, NULL, 0, '2026-05-12 17:53:55.657647+00');
INSERT INTO public.media_plan_publishers (id, media_plan_id, publisher_id, total_planned_usd, agency_pays_override, sort_order, created_at) VALUES ('ecacd81a-d66e-4e19-bb48-87d33c437860', '8ec18bcd-79e6-44c1-bd65-f7dadecb7a8f', 'ceca5033-b010-49ae-9b44-b7a2ebbb122d', 20000.00, NULL, 1, '2026-05-12 17:53:55.661529+00');
INSERT INTO public.media_plan_publishers (id, media_plan_id, publisher_id, total_planned_usd, agency_pays_override, sort_order, created_at) VALUES ('8728e865-1071-420f-8fd7-67b8abf11d5d', '8ec18bcd-79e6-44c1-bd65-f7dadecb7a8f', 'fedae674-bb54-44c8-b718-4d72bc5bef8d', 10000.00, NULL, 2, '2026-05-12 17:53:55.665498+00');
INSERT INTO public.media_plan_publishers (id, media_plan_id, publisher_id, total_planned_usd, agency_pays_override, sort_order, created_at) VALUES ('e61fa0e3-560e-49ae-b120-cd4d546a81b8', '5b56684e-a483-498e-b897-dde8802efb56', 'b3208fec-58b5-476b-bd68-d586ce3ed6eb', 30000.00, NULL, 0, '2026-05-12 17:53:55.673322+00');
INSERT INTO public.media_plan_publishers (id, media_plan_id, publisher_id, total_planned_usd, agency_pays_override, sort_order, created_at) VALUES ('c67f5eb0-927d-4569-9090-54a6cd97bb27', '5b56684e-a483-498e-b897-dde8802efb56', 'fa8772ff-e978-4982-a715-ec113ec87c59', 25000.00, NULL, 1, '2026-05-12 17:53:55.676997+00');
INSERT INTO public.media_plan_publishers (id, media_plan_id, publisher_id, total_planned_usd, agency_pays_override, sort_order, created_at) VALUES ('38da0949-1045-4215-b541-10b1aa8f1376', '33749ac9-0eed-4821-811a-49e398559bb4', 'ceca5033-b010-49ae-9b44-b7a2ebbb122d', 30000.00, NULL, 0, '2026-05-12 17:53:55.68502+00');
INSERT INTO public.media_plan_publishers (id, media_plan_id, publisher_id, total_planned_usd, agency_pays_override, sort_order, created_at) VALUES ('8ff0f6e5-cdad-4115-9962-1c4a88d1323d', '4a4fde3e-4878-42a1-a908-1e4ec02a8406', 'ceca5033-b010-49ae-9b44-b7a2ebbb122d', 120000.00, NULL, 0, '2026-05-12 17:53:55.717869+00');
INSERT INTO public.media_plan_publishers (id, media_plan_id, publisher_id, total_planned_usd, agency_pays_override, sort_order, created_at) VALUES ('4f597669-ec59-4765-be6e-624365ced432', '4a4fde3e-4878-42a1-a908-1e4ec02a8406', 'fa8772ff-e978-4982-a715-ec113ec87c59', 60000.00, NULL, 1, '2026-05-12 17:53:55.721469+00');
INSERT INTO public.media_plan_publishers (id, media_plan_id, publisher_id, total_planned_usd, agency_pays_override, sort_order, created_at) VALUES ('ab63c956-2c64-464a-aef4-4888089fc535', '77b15a9e-b0a1-459d-8031-5d9408e93197', 'fa8772ff-e978-4982-a715-ec113ec87c59', 40000.00, NULL, 0, '2026-05-12 17:53:55.731115+00');
INSERT INTO public.media_plan_publishers (id, media_plan_id, publisher_id, total_planned_usd, agency_pays_override, sort_order, created_at) VALUES ('463877de-e7a9-485e-8813-d977b1c1385a', '77b15a9e-b0a1-459d-8031-5d9408e93197', '1d5cd775-39e8-44db-b66d-c8b0f73bd979', 30000.00, NULL, 1, '2026-05-12 17:53:55.734933+00');
INSERT INTO public.media_plan_publishers (id, media_plan_id, publisher_id, total_planned_usd, agency_pays_override, sort_order, created_at) VALUES ('852523ef-39b6-4865-a23b-38a1132bb4dc', '25216a08-d4cd-4dde-9268-92f8ddc920aa', 'ceca5033-b010-49ae-9b44-b7a2ebbb122d', 60000.00, NULL, 0, '2026-05-12 17:53:55.744762+00');
INSERT INTO public.media_plan_publishers (id, media_plan_id, publisher_id, total_planned_usd, agency_pays_override, sort_order, created_at) VALUES ('544815df-c41e-452a-8891-449134d5e352', '25216a08-d4cd-4dde-9268-92f8ddc920aa', 'fa8772ff-e978-4982-a715-ec113ec87c59', 40000.00, NULL, 1, '2026-05-12 17:53:55.748371+00');
INSERT INTO public.media_plan_publishers (id, media_plan_id, publisher_id, total_planned_usd, agency_pays_override, sort_order, created_at) VALUES ('c7d929b7-d211-46ce-8b8f-58677428a653', 'ccde1731-d727-41ff-bea5-2a29448ba132', 'ceca5033-b010-49ae-9b44-b7a2ebbb122d', 80000.00, NULL, 0, '2026-05-12 17:53:55.758207+00');
INSERT INTO public.media_plan_publishers (id, media_plan_id, publisher_id, total_planned_usd, agency_pays_override, sort_order, created_at) VALUES ('e51b8499-c7fe-4f97-ae53-77fc0f655e47', 'ccde1731-d727-41ff-bea5-2a29448ba132', 'fa8772ff-e978-4982-a715-ec113ec87c59', 50000.00, NULL, 1, '2026-05-12 17:53:55.761364+00');
INSERT INTO public.media_plan_publishers (id, media_plan_id, publisher_id, total_planned_usd, agency_pays_override, sort_order, created_at) VALUES ('fcfac03c-df00-43e9-a548-b8b6c4ebf739', '49fac602-51ac-48d4-81d2-666da05bd625', 'ceca5033-b010-49ae-9b44-b7a2ebbb122d', 30000.00, NULL, 0, '2026-05-12 17:53:55.76958+00');
INSERT INTO public.media_plan_publishers (id, media_plan_id, publisher_id, total_planned_usd, agency_pays_override, sort_order, created_at) VALUES ('5c68e931-19f3-4d16-b7b4-d76ce1f6fd42', '49fac602-51ac-48d4-81d2-666da05bd625', 'fa8772ff-e978-4982-a715-ec113ec87c59', 35000.00, NULL, 1, '2026-05-12 17:53:55.773265+00');
INSERT INTO public.media_plan_publishers (id, media_plan_id, publisher_id, total_planned_usd, agency_pays_override, sort_order, created_at) VALUES ('59811416-9df7-4524-af2c-12b72404dd35', '49fac602-51ac-48d4-81d2-666da05bd625', '1d5cd775-39e8-44db-b66d-c8b0f73bd979', 15000.00, NULL, 2, '2026-05-12 17:53:55.776715+00');
INSERT INTO public.media_plan_publishers (id, media_plan_id, publisher_id, total_planned_usd, agency_pays_override, sort_order, created_at) VALUES ('01cfe80c-e213-4e0c-9387-cec99956d0da', '49fac602-51ac-48d4-81d2-666da05bd625', '2e2a0bf3-de26-4046-afd4-a220c89b9347', 8000.00, NULL, 3, '2026-05-12 17:53:55.780287+00');
INSERT INTO public.media_plan_publishers (id, media_plan_id, publisher_id, total_planned_usd, agency_pays_override, sort_order, created_at) VALUES ('14f4cf04-77e2-4672-905c-94758091499b', '4bed88ca-55f7-4c10-80bd-859684d86dce', 'fa8772ff-e978-4982-a715-ec113ec87c59', 12000.00, NULL, 0, '2026-05-12 17:53:55.788311+00');
INSERT INTO public.media_plan_publishers (id, media_plan_id, publisher_id, total_planned_usd, agency_pays_override, sort_order, created_at) VALUES ('58f7d102-9174-425e-8bbf-2ea3337484bc', '69025094-5a74-4ae0-b778-d6c467347a74', 'ceca5033-b010-49ae-9b44-b7a2ebbb122d', 25000.00, NULL, 0, '2026-05-12 17:53:55.794816+00');
INSERT INTO public.media_plan_publishers (id, media_plan_id, publisher_id, total_planned_usd, agency_pays_override, sort_order, created_at) VALUES ('c40ee77a-9a3e-42c3-a17f-c2c284af6a9c', '69025094-5a74-4ae0-b778-d6c467347a74', '68d44c9d-12de-4bd9-ae45-27060c8c3a2b', 8000.00, NULL, 1, '2026-05-12 17:53:55.798039+00');
INSERT INTO public.media_plan_publishers (id, media_plan_id, publisher_id, total_planned_usd, agency_pays_override, sort_order, created_at) VALUES ('c109fbcc-4cdb-4f38-87a0-9e449a0fcb8f', 'f7953d94-8b9e-410c-9788-9f387f1ef1b0', 'b3208fec-58b5-476b-bd68-d586ce3ed6eb', 50000.00, NULL, 0, '2026-05-12 17:53:55.805004+00');
INSERT INTO public.media_plan_publishers (id, media_plan_id, publisher_id, total_planned_usd, agency_pays_override, sort_order, created_at) VALUES ('1c68a5ce-6bb3-4df6-92f3-9a201f452956', 'f7953d94-8b9e-410c-9788-9f387f1ef1b0', 'fa8772ff-e978-4982-a715-ec113ec87c59', 35000.00, NULL, 1, '2026-05-12 17:53:55.808554+00');
INSERT INTO public.media_plan_publishers (id, media_plan_id, publisher_id, total_planned_usd, agency_pays_override, sort_order, created_at) VALUES ('891ef9b7-ec0d-4287-853f-93006d883969', 'f7953d94-8b9e-410c-9788-9f387f1ef1b0', 'fedae674-bb54-44c8-b718-4d72bc5bef8d', 15000.00, NULL, 2, '2026-05-12 17:53:55.811778+00');
INSERT INTO public.media_plan_publishers (id, media_plan_id, publisher_id, total_planned_usd, agency_pays_override, sort_order, created_at) VALUES ('2fbe8045-941e-4cce-a662-39d98db452bb', 'd6461cac-2811-475f-9751-5238a20b437b', 'e316afbd-7289-4941-9845-9bd0731ff60a', 40000.00, NULL, 0, '2026-05-12 17:53:55.819845+00');
INSERT INTO public.media_plan_publishers (id, media_plan_id, publisher_id, total_planned_usd, agency_pays_override, sort_order, created_at) VALUES ('7c18411d-4de1-4dfe-afa8-64fc7156ccb0', '2e46bccf-30b9-4b4f-a36a-499e518991bd', 'b3208fec-58b5-476b-bd68-d586ce3ed6eb', 60000.00, NULL, 0, '2026-05-12 17:53:55.828072+00');
INSERT INTO public.media_plan_publishers (id, media_plan_id, publisher_id, total_planned_usd, agency_pays_override, sort_order, created_at) VALUES ('3af37d80-6524-49d1-b427-6debdf6fe379', '2e46bccf-30b9-4b4f-a36a-499e518991bd', '30c05361-9210-42f2-b97f-7d08a30c7516', 30000.00, NULL, 1, '2026-05-12 17:53:55.831309+00');
INSERT INTO public.media_plan_publishers (id, media_plan_id, publisher_id, total_planned_usd, agency_pays_override, sort_order, created_at) VALUES ('bd19288e-25df-445f-baab-167ce455e283', '9c31c053-5fe1-4b2c-9c7d-5d7e5f526c3b', '70bc1e91-4273-4fb7-8183-eca3d5daf947', 20000.00, NULL, 0, '2026-05-12 17:53:55.839151+00');
INSERT INTO public.media_plan_publishers (id, media_plan_id, publisher_id, total_planned_usd, agency_pays_override, sort_order, created_at) VALUES ('10d4046b-d9c9-49f0-9070-400f539d0f07', 'f3c4c3fb-a6c4-4495-a65b-d4fc1712a916', 'fa8772ff-e978-4982-a715-ec113ec87c59', 50000.00, NULL, 0, '2026-05-12 17:53:55.845401+00');
INSERT INTO public.media_plan_publishers (id, media_plan_id, publisher_id, total_planned_usd, agency_pays_override, sort_order, created_at) VALUES ('dd42fbcf-f28b-4274-8f78-067e7b2b1f63', 'ce1279d9-36a6-4f1d-aefe-da120894fb5c', 'fa8772ff-e978-4982-a715-ec113ec87c59', 25000.00, NULL, 0, '2026-05-12 17:53:55.852864+00');
INSERT INTO public.media_plan_publishers (id, media_plan_id, publisher_id, total_planned_usd, agency_pays_override, sort_order, created_at) VALUES ('3b964831-2a7e-4016-8c95-22d736a8aa0c', 'ce1279d9-36a6-4f1d-aefe-da120894fb5c', '1d5cd775-39e8-44db-b66d-c8b0f73bd979', 10000.00, NULL, 1, '2026-05-12 17:53:55.855612+00');
-- Data for Name: media_plan_placements; Type: TABLE DATA; Schema: public; Owner: -
INSERT INTO public.media_plan_placements (id, media_plan_publisher_id, placement_name, market_id, audience, amount_usd, cost_method, start_date, end_date, metrics_json, notes_md, sort_order) VALUES ('3932796e-657c-443f-8211-8d950bee47d6', '002b5d75-a58b-442d-9684-5b9e7b1e90ae', 'Bumper Ads 6s', 'ead7ac0a-c3fb-46e0-8a16-a10e684212d5', '25-44 viajeros frecuentes', 25000.00, 'dCPV', '2026-02-01', '2026-03-31', '{"views": 13157894, "impressions": 14500000}', 'Formato: video vertical + horizontal. 3 versiones rotativas.', 0);
INSERT INTO public.media_plan_placements (id, media_plan_publisher_id, placement_name, market_id, audience, amount_usd, cost_method, start_date, end_date, metrics_json, notes_md, sort_order) VALUES ('0f0ff6ad-72e1-4d12-883f-be80cff58365', '002b5d75-a58b-442d-9684-5b9e7b1e90ae', 'In-Stream Skippable', '161bad8b-b554-41d5-b488-40b878859704', '18-44 LATAM travel intent', 20000.00, 'dCPV', '2026-02-15', '2026-03-31', '{"views": 7142857, "impressions": 9500000}', NULL, 1);
INSERT INTO public.media_plan_placements (id, media_plan_publisher_id, placement_name, market_id, audience, amount_usd, cost_method, start_date, end_date, metrics_json, notes_md, sort_order) VALUES ('924eddde-a613-47e4-9d0d-3c2c53a4b081', '72df3703-123a-49df-b056-a264ba3e4d16', 'Feed Awareness', 'ead7ac0a-c3fb-46e0-8a16-a10e684212d5', 'travelers + lookalike de site visitors', 18000.00, 'dCPM', '2026-02-01', '2026-03-31', '{"reach": 1200000, "impressions": 4000000}', 'Formato: feed estático + carrusel.', 0);
INSERT INTO public.media_plan_placements (id, media_plan_publisher_id, placement_name, market_id, audience, amount_usd, cost_method, start_date, end_date, metrics_json, notes_md, sort_order) VALUES ('cd0e09d2-ebc8-4b8a-9d2d-99f7ef8449b9', '72df3703-123a-49df-b056-a264ba3e4d16', 'Reels Brand', '14df85da-901d-424c-a9a9-a54e4521fc8c', '18-34 viajeros activos', 17000.00, 'dCPV', '2026-02-15', '2026-03-31', '{"views": 1416666, "impressions": 2500000}', NULL, 1);
INSERT INTO public.media_plan_placements (id, media_plan_publisher_id, placement_name, market_id, audience, amount_usd, cost_method, start_date, end_date, metrics_json, notes_md, sort_order) VALUES ('19cd3a8a-66f0-4cf3-8618-d39bef55dfb3', 'a04031da-5459-4c41-b680-1c9fafd5492f', 'In-Feed Top View', '14df85da-901d-424c-a9a9-a54e4521fc8c', '18-34 jóvenes viajeros', 20000.00, 'dCPV', '2026-02-01', '2026-03-31', '{"views": 1111111, "impressions": 1800000}', NULL, 0);
INSERT INTO public.media_plan_placements (id, media_plan_publisher_id, placement_name, market_id, audience, amount_usd, cost_method, start_date, end_date, metrics_json, notes_md, sort_order) VALUES ('cd8dd79f-1f9b-47f2-884b-91005211698f', '1397525a-4d1c-41e0-84fa-bad23874723b', 'Reels Consideration', '14df85da-901d-424c-a9a9-a54e4521fc8c', 'retargeting de Awareness viewers + travel interest groups', 15000.00, 'dCPV', '2026-03-01', '2026-04-30', '{"views": 1071428}', NULL, 0);
INSERT INTO public.media_plan_placements (id, media_plan_publisher_id, placement_name, market_id, audience, amount_usd, cost_method, start_date, end_date, metrics_json, notes_md, sort_order) VALUES ('a30293ad-da41-4779-a6d5-e07e8f264928', '1397525a-4d1c-41e0-84fa-bad23874723b', 'Carousel Destinations', 'ead7ac0a-c3fb-46e0-8a16-a10e684212d5', 'travel intent searchers', 10000.00, 'dCPC', '2026-03-15', '2026-04-30', '{"clicks": 22222}', NULL, 1);
INSERT INTO public.media_plan_placements (id, media_plan_publisher_id, placement_name, market_id, audience, amount_usd, cost_method, start_date, end_date, metrics_json, notes_md, sort_order) VALUES ('134d673c-7731-4665-a727-6513da9d9893', 'ecacd81a-d66e-4e19-bb48-87d33c437860', 'In-Stream Mid-Funnel', '14df85da-901d-424c-a9a9-a54e4521fc8c', 'lookalike de Awareness viewers', 20000.00, 'dCPV', '2026-03-01', '2026-04-30', '{"views": 8000000}', NULL, 0);
INSERT INTO public.media_plan_placements (id, media_plan_publisher_id, placement_name, market_id, audience, amount_usd, cost_method, start_date, end_date, metrics_json, notes_md, sort_order) VALUES ('988237ea-65e6-4ce9-b929-36ae121ae02e', '8728e865-1071-420f-8fd7-67b8abf11d5d', 'Programmatic Display', '161bad8b-b554-41d5-b488-40b878859704', 'travel intent + retargeting site visitors', 10000.00, 'CPM', '2026-03-01', '2026-04-30', '{"impressions": 3125000}', NULL, 0);
INSERT INTO public.media_plan_placements (id, media_plan_publisher_id, placement_name, market_id, audience, amount_usd, cost_method, start_date, end_date, metrics_json, notes_md, sort_order) VALUES ('645de0b2-e662-424e-b9f7-8e3f242f2c7f', 'e61fa0e3-560e-49ae-b120-cd4d546a81b8', 'Brand Defense', '161bad8b-b554-41d5-b488-40b878859704', 'Brand keywords + competitor defense', 12000.00, 'CPC', '2026-04-01', '2026-05-31', '{"clicks": 34285}', NULL, 0);
INSERT INTO public.media_plan_placements (id, media_plan_publisher_id, placement_name, market_id, audience, amount_usd, cost_method, start_date, end_date, metrics_json, notes_md, sort_order) VALUES ('0ea8f790-45cf-4c04-adc5-aa988a3fdd9a', 'e61fa0e3-560e-49ae-b120-cd4d546a81b8', 'Non-Brand Travel Intent', '14df85da-901d-424c-a9a9-a54e4521fc8c', 'searchers de "vuelos a costa rica", "hoteles tamarindo"', 18000.00, 'CPC', '2026-04-01', '2026-05-31', '{"clicks": 21176}', NULL, 1);
INSERT INTO public.media_plan_placements (id, media_plan_publisher_id, placement_name, market_id, audience, amount_usd, cost_method, start_date, end_date, metrics_json, notes_md, sort_order) VALUES ('2c69a628-785f-4952-a8a6-fbe51fbac0a3', 'c67f5eb0-927d-4569-9090-54a6cd97bb27', 'Conversion Campaign', '14df85da-901d-424c-a9a9-a54e4521fc8c', 'warm + lookalike de compradores', 25000.00, 'CPA', '2026-04-01', '2026-05-31', '{"conversions": 1388}', NULL, 0);
INSERT INTO public.media_plan_placements (id, media_plan_publisher_id, placement_name, market_id, audience, amount_usd, cost_method, start_date, end_date, metrics_json, notes_md, sort_order) VALUES ('2da1858c-459c-44a2-ae4f-7ef9a23baaf9', '38da0949-1045-4215-b541-10b1aa8f1376', 'Bumper Ads', 'ead7ac0a-c3fb-46e0-8a16-a10e684212d5', NULL, 30000.00, 'dCPV', '2026-01-15', '2026-02-28', '{"views": 12000000}', NULL, 0);
INSERT INTO public.media_plan_placements (id, media_plan_publisher_id, placement_name, market_id, audience, amount_usd, cost_method, start_date, end_date, metrics_json, notes_md, sort_order) VALUES ('71a44bbd-82a1-4c7e-8ff2-226679a36b72', '8ff0f6e5-cdad-4115-9962-1c4a88d1323d', 'Always-On In-Stream', '14df85da-901d-424c-a9a9-a54e4521fc8c', 'viajeros frecuentes LATAM', 120000.00, 'dCPV', '2026-03-01', '2026-08-31', '{"views": 54545454}', 'Brand always-on, 6 meses.', 0);
INSERT INTO public.media_plan_placements (id, media_plan_publisher_id, placement_name, market_id, audience, amount_usd, cost_method, start_date, end_date, metrics_json, notes_md, sort_order) VALUES ('8e7957a1-13ee-47b6-9922-f7fee71257ff', '4f597669-ec59-4765-be6e-624365ced432', 'Reels Brand Always-On', '14df85da-901d-424c-a9a9-a54e4521fc8c', 'Brand awareness audiencias amplias', 60000.00, 'dCPV', '2026-03-01', '2026-08-31', '{"views": 5454545}', NULL, 0);
INSERT INTO public.media_plan_placements (id, media_plan_publisher_id, placement_name, market_id, audience, amount_usd, cost_method, start_date, end_date, metrics_json, notes_md, sort_order) VALUES ('ee2ed493-f73a-4a36-a1d1-cb3338999f0e', 'ab63c956-2c64-464a-aef4-4888089fc535', 'Reels + Feed Promo', '161bad8b-b554-41d5-b488-40b878859704', 'Travel intent + price-sensitive shoppers', 40000.00, 'dCPM', '2026-03-15', '2026-04-30', '{"impressions": 7700000}', NULL, 0);
INSERT INTO public.media_plan_placements (id, media_plan_publisher_id, placement_name, market_id, audience, amount_usd, cost_method, start_date, end_date, metrics_json, notes_md, sort_order) VALUES ('cc6a3996-0f3f-4611-b157-7cb41bef0283', '463877de-e7a9-485e-8813-d977b1c1385a', 'Brand Takeover Promo', 'a1366e71-ef87-477b-bdb3-62579bbb9fc2', 'jóvenes 18-29 viajeros aspiracionales', 30000.00, 'dCPV', '2026-04-01', '2026-04-30', '{"views": 1500000}', NULL, 0);
INSERT INTO public.media_plan_placements (id, media_plan_publisher_id, placement_name, market_id, audience, amount_usd, cost_method, start_date, end_date, metrics_json, notes_md, sort_order) VALUES ('3ab3ea5d-53a7-4a93-adcb-102ce7e24155', '852523ef-39b6-4865-a23b-38a1132bb4dc', 'In-Stream Brand', '11c65dfc-306a-43b4-99f4-60165914c2cd', NULL, 60000.00, 'dCPV', '2026-04-15', '2026-06-30', '{"views": 27272727}', NULL, 0);
INSERT INTO public.media_plan_placements (id, media_plan_publisher_id, placement_name, market_id, audience, amount_usd, cost_method, start_date, end_date, metrics_json, notes_md, sort_order) VALUES ('5b78ea22-0443-4151-905d-5eab679106c9', '544815df-c41e-452a-8891-449134d5e352', 'Feed Bogota', '11c65dfc-306a-43b4-99f4-60165914c2cd', NULL, 40000.00, 'dCPM', '2026-04-15', '2026-06-30', '{"impressions": 8000000}', NULL, 0);
INSERT INTO public.media_plan_placements (id, media_plan_publisher_id, placement_name, market_id, audience, amount_usd, cost_method, start_date, end_date, metrics_json, notes_md, sort_order) VALUES ('72c35676-c943-4985-a9cd-dd76b0c5d771', 'c7d929b7-d211-46ce-8b8f-58677428a653', 'Bumper EOY', '14df85da-901d-424c-a9a9-a54e4521fc8c', NULL, 80000.00, 'dCPV', '2025-10-15', '2025-12-31', '{"views": 36363636}', NULL, 0);
INSERT INTO public.media_plan_placements (id, media_plan_publisher_id, placement_name, market_id, audience, amount_usd, cost_method, start_date, end_date, metrics_json, notes_md, sort_order) VALUES ('288e1002-5ab0-46c4-bb77-07a48ede80a5', 'e51b8499-c7fe-4f97-ae53-77fc0f655e47', 'EOY Promo Feed', '14df85da-901d-424c-a9a9-a54e4521fc8c', NULL, 50000.00, 'dCPM', '2025-11-01', '2025-12-31', '{"impressions": 11000000}', NULL, 0);
INSERT INTO public.media_plan_placements (id, media_plan_publisher_id, placement_name, market_id, audience, amount_usd, cost_method, start_date, end_date, metrics_json, notes_md, sort_order) VALUES ('3cad0730-650a-4825-9a4d-93cd41079c39', 'fcfac03c-df00-43e9-a548-b8b6c4ebf739', 'Hero Spot 30s', '660cee43-20a1-48fe-93b3-c644d75ff4dc', '25-44 cerveceros LATAM', 30000.00, 'dCPV', '2026-04-15', '2026-06-30', '{"views": 13636363}', NULL, 0);
INSERT INTO public.media_plan_placements (id, media_plan_publisher_id, placement_name, market_id, audience, amount_usd, cost_method, start_date, end_date, metrics_json, notes_md, sort_order) VALUES ('ec993582-cdb2-4349-b80c-2a1506d3d09c', '5c68e931-19f3-4d16-b7b4-d76ce1f6fd42', 'Feed Lanzamiento', '660cee43-20a1-48fe-93b3-c644d75ff4dc', NULL, 20000.00, 'dCPM', '2026-04-15', '2026-05-31', '{"impressions": 4400000}', NULL, 0);
INSERT INTO public.media_plan_placements (id, media_plan_publisher_id, placement_name, market_id, audience, amount_usd, cost_method, start_date, end_date, metrics_json, notes_md, sort_order) VALUES ('86e64e79-cc9c-4eb5-8314-90d5008d8f4e', '5c68e931-19f3-4d16-b7b4-d76ce1f6fd42', 'Reels Sustaining', '45fed9c8-7df2-4aec-a5bb-ba0e18a8aa41', NULL, 15000.00, 'dCPV', '2026-05-01', '2026-06-30', '{"views": 1071428}', NULL, 1);
INSERT INTO public.media_plan_placements (id, media_plan_publisher_id, placement_name, market_id, audience, amount_usd, cost_method, start_date, end_date, metrics_json, notes_md, sort_order) VALUES ('297fa8b8-776e-4c11-9fa2-d9368d912d2a', '59811416-9df7-4524-af2c-12b72404dd35', 'TikTok Branding', '660cee43-20a1-48fe-93b3-c644d75ff4dc', NULL, 15000.00, 'dCPV', '2026-04-15', '2026-06-30', '{"views": 833333}', NULL, 0);
INSERT INTO public.media_plan_placements (id, media_plan_publisher_id, placement_name, market_id, audience, amount_usd, cost_method, start_date, end_date, metrics_json, notes_md, sort_order) VALUES ('b8ddcc90-567c-4660-a127-0720133d88a5', '01cfe80c-e213-4e0c-9387-cec99956d0da', 'Audio Spot', '14df85da-901d-424c-a9a9-a54e4521fc8c', 'indie + rock listeners 21-44', 8000.00, 'CPM', '2026-04-15', '2026-06-30', '{"impressions": 2000000}', 'Cliente paga directo a Spotify (no facturable por agencia).', 0);
INSERT INTO public.media_plan_placements (id, media_plan_publisher_id, placement_name, market_id, audience, amount_usd, cost_method, start_date, end_date, metrics_json, notes_md, sort_order) VALUES ('632f7101-d910-4103-9159-57e64a055717', '14f4cf04-77e2-4672-905c-94758091499b', 'Conversion Ad', '660cee43-20a1-48fe-93b3-c644d75ff4dc', NULL, 12000.00, 'CPA', '2026-05-15', '2026-07-31', '{"conversions": 600}', NULL, 0);
INSERT INTO public.media_plan_placements (id, media_plan_publisher_id, placement_name, market_id, audience, amount_usd, cost_method, start_date, end_date, metrics_json, notes_md, sort_order) VALUES ('2a5079d2-9d43-4d55-868b-e28727759798', '58f7d102-9174-425e-8bbf-2ea3337484bc', 'Pre-Roll Verano', '660cee43-20a1-48fe-93b3-c644d75ff4dc', NULL, 25000.00, 'dCPV', '2026-12-01', '2027-02-28', '{"views": 11363636}', NULL, 0);
INSERT INTO public.media_plan_placements (id, media_plan_publisher_id, placement_name, market_id, audience, amount_usd, cost_method, start_date, end_date, metrics_json, notes_md, sort_order) VALUES ('3843c83a-dd64-47c4-9a3e-e5a070725b91', 'c40ee77a-9a3e-42c3-a17f-c2c284af6a9c', 'Trending Topic', '660cee43-20a1-48fe-93b3-c644d75ff4dc', NULL, 8000.00, 'CPM', '2026-12-15', '2027-01-15', '{"impressions": 1600000}', NULL, 0);
INSERT INTO public.media_plan_placements (id, media_plan_publisher_id, placement_name, market_id, audience, amount_usd, cost_method, start_date, end_date, metrics_json, notes_md, sort_order) VALUES ('f2801851-e109-4050-84bd-0ce6d5ee3030', 'c109fbcc-4cdb-4f38-87a0-9e449a0fcb8f', 'Brand + Generic', 'ac95e516-9acb-457e-b5d4-0ede4fe53b15', NULL, 30000.00, 'CPC', '2026-03-15', '2026-08-31', '{"clicks": 85714}', NULL, 0);
INSERT INTO public.media_plan_placements (id, media_plan_publisher_id, placement_name, market_id, audience, amount_usd, cost_method, start_date, end_date, metrics_json, notes_md, sort_order) VALUES ('dcdce10f-863b-4f9d-a2d4-c86dca10beac', 'c109fbcc-4cdb-4f38-87a0-9e449a0fcb8f', 'Competitive Defense', 'ac95e516-9acb-457e-b5d4-0ede4fe53b15', NULL, 20000.00, 'CPC', '2026-03-15', '2026-08-31', '{"clicks": 50000}', NULL, 1);
INSERT INTO public.media_plan_placements (id, media_plan_publisher_id, placement_name, market_id, audience, amount_usd, cost_method, start_date, end_date, metrics_json, notes_md, sort_order) VALUES ('92bf0bad-fa5e-4e73-a62b-d0d404a3be71', '1c68a5ce-6bb3-4df6-92f3-9a201f452956', 'Lead Gen Forms', 'ac95e516-9acb-457e-b5d4-0ede4fe53b15', '18-29 con cuenta bancaria', 35000.00, 'CPA', '2026-03-15', '2026-08-31', '{"leads": 1166}', NULL, 0);
INSERT INTO public.media_plan_placements (id, media_plan_publisher_id, placement_name, market_id, audience, amount_usd, cost_method, start_date, end_date, metrics_json, notes_md, sort_order) VALUES ('3fa8657e-9fc7-488b-99d1-57d0ca374ae6', '891ef9b7-ec0d-4287-853f-93006d883969', 'Programmatic Awareness', 'ac95e516-9acb-457e-b5d4-0ede4fe53b15', NULL, 15000.00, 'CPM', '2026-03-15', '2026-06-30', '{"impressions": 4000000}', NULL, 0);
INSERT INTO public.media_plan_placements (id, media_plan_publisher_id, placement_name, market_id, audience, amount_usd, cost_method, start_date, end_date, metrics_json, notes_md, sort_order) VALUES ('cf797438-634c-42d0-877d-99dece735d28', '2fbe8045-941e-4cce-a662-39d98db452bb', 'Vallas Lima Norte', 'ac95e516-9acb-457e-b5d4-0ede4fe53b15', NULL, 25000.00, 'Flat', '2026-04-01', '2026-06-30', '{}', NULL, 0);
INSERT INTO public.media_plan_placements (id, media_plan_publisher_id, placement_name, market_id, audience, amount_usd, cost_method, start_date, end_date, metrics_json, notes_md, sort_order) VALUES ('d8ed8138-fea5-4dab-b892-222cdb856f4b', '2fbe8045-941e-4cce-a662-39d98db452bb', 'Mupis Centro', 'ac95e516-9acb-457e-b5d4-0ede4fe53b15', NULL, 15000.00, 'Flat', '2026-04-01', '2026-06-30', '{}', NULL, 1);
INSERT INTO public.media_plan_placements (id, media_plan_publisher_id, placement_name, market_id, audience, amount_usd, cost_method, start_date, end_date, metrics_json, notes_md, sort_order) VALUES ('3219c703-1215-4f2c-a233-c968c4ee6fba', '7c18411d-4de1-4dfe-afa8-64fc7156ccb0', 'Préstamos Generic', 'ac95e516-9acb-457e-b5d4-0ede4fe53b15', NULL, 60000.00, 'CPC', '2026-04-15', '2026-09-30', '{"clicks": 150000}', NULL, 0);
INSERT INTO public.media_plan_placements (id, media_plan_publisher_id, placement_name, market_id, audience, amount_usd, cost_method, start_date, end_date, metrics_json, notes_md, sort_order) VALUES ('991a0c59-9efb-49bc-8c57-393df91f9602', '3af37d80-6524-49d1-b427-6debdf6fe379', 'Sponsored InMail', 'ac95e516-9acb-457e-b5d4-0ede4fe53b15', 'asalariados nivel medio-alto', 30000.00, 'CPC', '2026-04-15', '2026-09-30', '{"clicks": 5000}', NULL, 0);
INSERT INTO public.media_plan_placements (id, media_plan_publisher_id, placement_name, market_id, audience, amount_usd, cost_method, start_date, end_date, metrics_json, notes_md, sort_order) VALUES ('8dffb305-1d57-4509-87d3-1c2a6332c0f1', 'bd19288e-25df-445f-baab-167ce455e283', 'Retargeting Site Visitors', 'ac95e516-9acb-457e-b5d4-0ede4fe53b15', NULL, 20000.00, 'CPM', '2026-05-15', '2026-09-30', '{"impressions": 5000000}', NULL, 0);
INSERT INTO public.media_plan_placements (id, media_plan_publisher_id, placement_name, market_id, audience, amount_usd, cost_method, start_date, end_date, metrics_json, notes_md, sort_order) VALUES ('a5544df3-e32a-4102-bfdc-827794968b28', '10d4046b-d9c9-49f0-9070-400f539d0f07', 'Brand Recap', 'ac95e516-9acb-457e-b5d4-0ede4fe53b15', NULL, 50000.00, 'dCPM', '2025-11-15', '2025-12-31', '{"impressions": 10000000}', NULL, 0);
INSERT INTO public.media_plan_placements (id, media_plan_publisher_id, placement_name, market_id, audience, amount_usd, cost_method, start_date, end_date, metrics_json, notes_md, sort_order) VALUES ('735cf826-2ee8-4de1-9c62-e64c7c0a37eb', 'dd42fbcf-f28b-4274-8f78-067e7b2b1f63', 'Carrusel Promos BF', '660cee43-20a1-48fe-93b3-c644d75ff4dc', NULL, 25000.00, 'dCPM', '2025-11-15', '2025-11-30', '{"impressions": 5000000}', NULL, 0);
INSERT INTO public.media_plan_placements (id, media_plan_publisher_id, placement_name, market_id, audience, amount_usd, cost_method, start_date, end_date, metrics_json, notes_md, sort_order) VALUES ('723bdc98-84b8-498c-a720-b97046daf126', '3b964831-2a7e-4016-8c95-22d736a8aa0c', 'TikTok Promos', '660cee43-20a1-48fe-93b3-c644d75ff4dc', NULL, 10000.00, 'dCPV', '2025-11-20', '2025-11-30', '{"views": 555555}', NULL, 0);
-- Data for Name: media_plan_snapshots; Type: TABLE DATA; Schema: public; Owner: -
INSERT INTO public.media_plan_snapshots (id, media_plan_id, version_number, snapshot_json, pdf_url, signed_pdf_url, approved_at, approved_by_user_id, notes) VALUES ('4968bfbe-6084-4db4-9aa1-c6e17ee0e547', 'e138cfc3-0c19-4015-af24-a3a051aa6f07', 1, '{"plan": "Awareness", "version": 1}', NULL, NULL, '2026-01-28 15:30:00+00', NULL, 'Aprobación inicial del plan.');
INSERT INTO public.media_plan_snapshots (id, media_plan_id, version_number, snapshot_json, pdf_url, signed_pdf_url, approved_at, approved_by_user_id, notes) VALUES ('60857044-eb88-47c8-a646-45f05d367a6f', '4a4fde3e-4878-42a1-a908-1e4ec02a8406', 1, '{"plan": "Brand Continuous", "version": 1}', NULL, NULL, '2026-02-15 10:00:00+00', NULL, 'Aprobación inicial.');
INSERT INTO public.media_plan_snapshots (id, media_plan_id, version_number, snapshot_json, pdf_url, signed_pdf_url, approved_at, approved_by_user_id, notes) VALUES ('c6a00fd1-42fd-4c9f-9fd5-263387a34efa', '4a4fde3e-4878-42a1-a908-1e4ec02a8406', 2, '{"plan": "Brand Continuous", "version": 2}', NULL, NULL, '2026-04-12 14:20:00+00', NULL, 'Revisión Q2: ajuste +$5K en YouTube.');
INSERT INTO public.media_plan_snapshots (id, media_plan_id, version_number, snapshot_json, pdf_url, signed_pdf_url, approved_at, approved_by_user_id, notes) VALUES ('d6e8c8b3-affc-4cd3-bada-bc8f913eabef', '77b15a9e-b0a1-459d-8031-5d9408e93197', 1, '{"plan": "Promo Lanzamiento", "version": 1}', NULL, NULL, '2026-03-08 11:45:00+00', NULL, 'Aprobación del burst promocional.');
INSERT INTO public.media_plan_snapshots (id, media_plan_id, version_number, snapshot_json, pdf_url, signed_pdf_url, approved_at, approved_by_user_id, notes) VALUES ('67dc5180-d04a-4611-8daf-7d820737b16b', '25216a08-d4cd-4dde-9268-92f8ddc920aa', 1, '{"plan": "Hub Awareness", "version": 1}', NULL, NULL, '2026-04-10 09:00:00+00', NULL, 'Aprobación inicial — luego el proyecto se pausó.');
INSERT INTO public.media_plan_snapshots (id, media_plan_id, version_number, snapshot_json, pdf_url, signed_pdf_url, approved_at, approved_by_user_id, notes) VALUES ('c1061ab1-3b04-42cb-ae29-ca3dc03418fa', 'ccde1731-d727-41ff-bea5-2a29448ba132', 1, '{"plan": "End of Year Brand", "version": 1}', NULL, NULL, '2025-10-05 12:00:00+00', NULL, NULL);
INSERT INTO public.media_plan_snapshots (id, media_plan_id, version_number, snapshot_json, pdf_url, signed_pdf_url, approved_at, approved_by_user_id, notes) VALUES ('89a2852a-819d-4b3f-84fb-bbca12f72beb', '49fac602-51ac-48d4-81d2-666da05bd625', 1, '{"plan": "IPA Lanzamiento", "version": 1}', NULL, NULL, '2026-04-05 15:00:00+00', NULL, NULL);
INSERT INTO public.media_plan_snapshots (id, media_plan_id, version_number, snapshot_json, pdf_url, signed_pdf_url, approved_at, approved_by_user_id, notes) VALUES ('b6423243-ce43-4b75-a9a8-81998e6462f4', 'f7953d94-8b9e-410c-9788-9f387f1ef1b0', 1, '{"plan": "Cuentas Adquisición", "version": 1}', NULL, NULL, '2026-03-10 14:00:00+00', NULL, NULL);
INSERT INTO public.media_plan_snapshots (id, media_plan_id, version_number, snapshot_json, pdf_url, signed_pdf_url, approved_at, approved_by_user_id, notes) VALUES ('7e535626-53a4-46aa-acb3-fe69ce42fccc', 'd6461cac-2811-475f-9751-5238a20b437b', 1, '{"plan": "OOH Cuentas", "version": 1}', NULL, NULL, '2026-03-20 12:00:00+00', NULL, NULL);
INSERT INTO public.media_plan_snapshots (id, media_plan_id, version_number, snapshot_json, pdf_url, signed_pdf_url, approved_at, approved_by_user_id, notes) VALUES ('65c6ec46-5410-4f8c-9d51-8d4a2d5564df', '2e46bccf-30b9-4b4f-a36a-499e518991bd', 1, '{"plan": "Préstamos Search", "version": 1}', NULL, NULL, '2026-04-10 16:30:00+00', NULL, NULL);
INSERT INTO public.media_plan_snapshots (id, media_plan_id, version_number, snapshot_json, pdf_url, signed_pdf_url, approved_at, approved_by_user_id, notes) VALUES ('249ff003-9b83-4c02-9bfd-fb432178f140', 'f3c4c3fb-a6c4-4495-a65b-d4fc1712a916', 1, '{"plan": "Clausura Brand", "version": 1}', NULL, NULL, '2025-11-10 10:00:00+00', NULL, NULL);
INSERT INTO public.media_plan_snapshots (id, media_plan_id, version_number, snapshot_json, pdf_url, signed_pdf_url, approved_at, approved_by_user_id, notes) VALUES ('868feaf3-cdce-4837-b4e9-aa71eabd61ff', 'ce1279d9-36a6-4f1d-aefe-da120894fb5c', 1, '{"plan": "Black Friday Burst", "version": 1}', NULL, NULL, '2025-11-10 09:00:00+00', NULL, NULL);
-- Data for Name: metrics_catalog; Type: TABLE DATA; Schema: public; Owner: -
INSERT INTO public.metrics_catalog (id, slug, name, kind, unit, formula, enabled, sort_order, created_at) VALUES ('e6d47a11-4092-4b6b-a127-dc06ab719133', 'impressions', 'Impressions', 'direct', 'imp', NULL, true, 0, '2026-05-12 17:53:55.606297+00');
INSERT INTO public.metrics_catalog (id, slug, name, kind, unit, formula, enabled, sort_order, created_at) VALUES ('ef555768-a956-41b2-ae95-11d50c33e1fd', 'clicks', 'Clicks', 'direct', 'click', NULL, true, 1, '2026-05-12 17:53:55.606297+00');
INSERT INTO public.metrics_catalog (id, slug, name, kind, unit, formula, enabled, sort_order, created_at) VALUES ('e6d3ac2f-d55d-4c6c-931d-8ceefc50ab88', 'views', 'Video Views', 'direct', 'view', NULL, true, 2, '2026-05-12 17:53:55.606297+00');
INSERT INTO public.metrics_catalog (id, slug, name, kind, unit, formula, enabled, sort_order, created_at) VALUES ('92212f91-3132-4a0c-a1e3-cfcd1e3f3c52', 'conversions', 'Conversions', 'direct', 'conv', NULL, true, 3, '2026-05-12 17:53:55.606297+00');
INSERT INTO public.metrics_catalog (id, slug, name, kind, unit, formula, enabled, sort_order, created_at) VALUES ('b1829401-f975-4fe5-a260-99ea1fd856cb', 'reach', 'Reach único', 'direct', 'users', NULL, true, 4, '2026-05-12 17:53:55.606297+00');
INSERT INTO public.metrics_catalog (id, slug, name, kind, unit, formula, enabled, sort_order, created_at) VALUES ('cf2cc1f0-1366-4e86-9b65-481699ecde9d', 'frequency', 'Frequency', 'direct', 'freq', NULL, true, 5, '2026-05-12 17:53:55.606297+00');
INSERT INTO public.metrics_catalog (id, slug, name, kind, unit, formula, enabled, sort_order, created_at) VALUES ('84710aa1-556c-4389-a38a-1532dad72e9a', 'engagements', 'Engagements', 'direct', 'eng', NULL, true, 6, '2026-05-12 17:53:55.606297+00');
INSERT INTO public.metrics_catalog (id, slug, name, kind, unit, formula, enabled, sort_order, created_at) VALUES ('f969858d-f3a0-4230-99a3-a6dc9181752e', 'followers', 'Followers', 'direct', 'users', NULL, true, 7, '2026-05-12 17:53:55.606297+00');
INSERT INTO public.metrics_catalog (id, slug, name, kind, unit, formula, enabled, sort_order, created_at) VALUES ('9d82d26b-05af-4a77-a220-166f21a06f72', 'leads', 'Leads', 'direct', 'leads', NULL, true, 8, '2026-05-12 17:53:55.606297+00');
INSERT INTO public.metrics_catalog (id, slug, name, kind, unit, formula, enabled, sort_order, created_at) VALUES ('3b1c3e60-27e1-4ae0-b528-000bc7ac6fd2', 'installs', 'App Installs', 'direct', 'installs', NULL, true, 9, '2026-05-12 17:53:55.606297+00');
INSERT INTO public.metrics_catalog (id, slug, name, kind, unit, formula, enabled, sort_order, created_at) VALUES ('f029841e-f65f-44b0-83e4-a850c8b15180', 'visits', 'Site Visits', 'direct', 'visits', NULL, true, 10, '2026-05-12 17:53:55.606297+00');
INSERT INTO public.metrics_catalog (id, slug, name, kind, unit, formula, enabled, sort_order, created_at) VALUES ('bfd4ab4e-7cb7-418c-a858-38537244c4f9', 'ctr', 'CTR', 'calculated', '%', 'clicks / impressions', true, 50, '2026-05-12 17:53:55.606297+00');
INSERT INTO public.metrics_catalog (id, slug, name, kind, unit, formula, enabled, sort_order, created_at) VALUES ('7f13cbce-001c-496d-823d-15fb7ba61410', 'cpc', 'CPC', 'calculated', '$', 'amount / clicks', true, 51, '2026-05-12 17:53:55.606297+00');
INSERT INTO public.metrics_catalog (id, slug, name, kind, unit, formula, enabled, sort_order, created_at) VALUES ('0ff957d9-d028-4728-98a4-b651c8cfed8c', 'cpm', 'CPM', 'calculated', '$', 'amount / impressions × 1000', true, 52, '2026-05-12 17:53:55.606297+00');
INSERT INTO public.metrics_catalog (id, slug, name, kind, unit, formula, enabled, sort_order, created_at) VALUES ('a697385d-1d8d-4a84-8eef-b16d64ef0f9e', 'cpv', 'CPV', 'calculated', '$', 'amount / views', true, 53, '2026-05-12 17:53:55.606297+00');
INSERT INTO public.metrics_catalog (id, slug, name, kind, unit, formula, enabled, sort_order, created_at) VALUES ('626ac262-e852-49a5-981f-f060ab699ee3', 'cpa', 'CPA', 'calculated', '$', 'amount / conversions', true, 54, '2026-05-12 17:53:55.606297+00');
INSERT INTO public.metrics_catalog (id, slug, name, kind, unit, formula, enabled, sort_order, created_at) VALUES ('431e46f5-c1ef-4a1c-b200-e5a1b3901c74', 'vtr', 'VTR (View-Through Rate)', 'calculated', '%', 'views / impressions', true, 55, '2026-05-12 17:53:55.606297+00');
INSERT INTO public.metrics_catalog (id, slug, name, kind, unit, formula, enabled, sort_order, created_at) VALUES ('770c1cf7-09d2-4674-a215-04e2f7266543', 'cpr', 'CPR (Cost per Reach)', 'calculated', '$', 'amount / reach', true, 56, '2026-05-12 17:53:55.606297+00');
INSERT INTO public.metrics_catalog (id, slug, name, kind, unit, formula, enabled, sort_order, created_at) VALUES ('ed964f92-db2c-42c5-bbde-b3a5597df7d6', 'cpe', 'CPE (Cost per Engagement)', 'calculated', '$', 'amount / engagements', true, 57, '2026-05-12 17:53:55.606297+00');
INSERT INTO public.metrics_catalog (id, slug, name, kind, unit, formula, enabled, sort_order, created_at) VALUES ('0fb163e4-935e-46cb-b5c4-d558477e9d99', 'cpf', 'CPF (Cost per Follower)', 'calculated', '$', 'amount / followers', true, 58, '2026-05-12 17:53:55.606297+00');
INSERT INTO public.metrics_catalog (id, slug, name, kind, unit, formula, enabled, sort_order, created_at) VALUES ('36b13144-8129-4875-9826-f261b53ee081', 'cpl', 'CPL (Cost per Lead)', 'calculated', '$', 'amount / leads', true, 59, '2026-05-12 17:53:55.606297+00');
INSERT INTO public.metrics_catalog (id, slug, name, kind, unit, formula, enabled, sort_order, created_at) VALUES ('8ab1ba9b-0ea9-453a-85b5-20d070d8f76e', 'cpi', 'CPI (Cost per Install)', 'calculated', '$', 'amount / installs', true, 60, '2026-05-12 17:53:55.606297+00');
INSERT INTO public.metrics_catalog (id, slug, name, kind, unit, formula, enabled, sort_order, created_at) VALUES ('50823736-2ae6-41e9-b32c-b2f973d828f8', 'cpvis', 'CPVis (Cost per Visit)', 'calculated', '$', 'amount / visits', true, 61, '2026-05-12 17:53:55.606297+00');
-- Data for Name: plan_billings; Type: TABLE DATA; Schema: public; Owner: -
INSERT INTO public.plan_billings (id, media_plan_id, month, status, invoice_number, total_net_usd, total_fee_usd, total_usd, pdf_url, sent_at, paid_at, due_date, notes_md, created_at) VALUES ('1312fbf9-e5fc-4e03-888b-b6424eb4f5ee', 'e138cfc3-0c19-4015-af24-a3a051aa6f07', '2026-02', 'paid', '2026-0001', 48000.00, 9000.00, 57000.00, NULL, '2026-03-05 16:00:00+00', '2026-03-25 10:30:00+00', '2026-04-04', 'Cierre Feb 2026.', '2026-05-12 17:53:55.862301+00');
INSERT INTO public.plan_billings (id, media_plan_id, month, status, invoice_number, total_net_usd, total_fee_usd, total_usd, pdf_url, sent_at, paid_at, due_date, notes_md, created_at) VALUES ('557226cc-cfb2-452e-b0a4-ede8d2854b96', 'e138cfc3-0c19-4015-af24-a3a051aa6f07', '2026-03', 'sent', '2026-0007', 52000.00, 9000.00, 61000.00, NULL, '2026-04-04 14:00:00+00', NULL, '2026-05-04', NULL, '2026-05-12 17:53:55.868288+00');
INSERT INTO public.plan_billings (id, media_plan_id, month, status, invoice_number, total_net_usd, total_fee_usd, total_usd, pdf_url, sent_at, paid_at, due_date, notes_md, created_at) VALUES ('8d06882a-614e-4499-9257-3ebc2551d7b9', '4a4fde3e-4878-42a1-a908-1e4ec02a8406', '2026-03', 'paid', '2026-0002', 30000.00, 6500.00, 36500.00, NULL, '2026-04-04 15:00:00+00', '2026-04-22 09:00:00+00', '2026-05-04', NULL, '2026-05-12 17:53:55.873099+00');
INSERT INTO public.plan_billings (id, media_plan_id, month, status, invoice_number, total_net_usd, total_fee_usd, total_usd, pdf_url, sent_at, paid_at, due_date, notes_md, created_at) VALUES ('5026166d-9298-49ee-8d1e-12c34694218a', '4a4fde3e-4878-42a1-a908-1e4ec02a8406', '2026-04', 'sent', '2026-0008', 30000.00, 6500.00, 36500.00, NULL, '2026-05-04 15:00:00+00', NULL, '2026-06-04', NULL, '2026-05-12 17:53:55.878451+00');
INSERT INTO public.plan_billings (id, media_plan_id, month, status, invoice_number, total_net_usd, total_fee_usd, total_usd, pdf_url, sent_at, paid_at, due_date, notes_md, created_at) VALUES ('2929a755-2127-4c74-8c82-3d3b62148639', 'f7953d94-8b9e-410c-9788-9f387f1ef1b0', '2026-03', 'sent', '2026-0003', 20000.00, 3500.00, 23500.00, NULL, '2026-04-08 11:00:00+00', NULL, '2026-05-08', NULL, '2026-05-12 17:53:55.883042+00');
INSERT INTO public.plan_billings (id, media_plan_id, month, status, invoice_number, total_net_usd, total_fee_usd, total_usd, pdf_url, sent_at, paid_at, due_date, notes_md, created_at) VALUES ('c5d263d7-c857-4b80-8bf8-b00dd9dcc94f', '2e46bccf-30b9-4b4f-a36a-499e518991bd', '2026-04', 'paid', '2026-0004', 16000.00, 1900.00, 17900.00, NULL, '2026-05-04 10:00:00+00', '2026-05-18 15:00:00+00', '2026-06-04', NULL, '2026-05-12 17:53:55.888191+00');
INSERT INTO public.plan_billings (id, media_plan_id, month, status, invoice_number, total_net_usd, total_fee_usd, total_usd, pdf_url, sent_at, paid_at, due_date, notes_md, created_at) VALUES ('907a3647-2fe1-4f58-bdc0-492036e19e3b', '49fac602-51ac-48d4-81d2-666da05bd625', '2026-04', 'sent', '2026-0005', 12000.00, 2200.00, 14200.00, NULL, '2026-05-04 12:00:00+00', NULL, '2026-06-04', NULL, '2026-05-12 17:53:55.8929+00');
INSERT INTO public.plan_billings (id, media_plan_id, month, status, invoice_number, total_net_usd, total_fee_usd, total_usd, pdf_url, sent_at, paid_at, due_date, notes_md, created_at) VALUES ('fe4f17ec-f1fd-48db-b049-01daa4758d11', 'ccde1731-d727-41ff-bea5-2a29448ba132', '2025-11', 'paid', '2025-0091', 55000.00, 9500.00, 64500.00, NULL, '2025-12-04 10:00:00+00', '2025-12-22 11:30:00+00', '2026-01-04', NULL, '2026-05-12 17:53:55.897978+00');
INSERT INTO public.plan_billings (id, media_plan_id, month, status, invoice_number, total_net_usd, total_fee_usd, total_usd, pdf_url, sent_at, paid_at, due_date, notes_md, created_at) VALUES ('bee3e379-2da0-4f9d-b402-3bc7e473243e', 'ccde1731-d727-41ff-bea5-2a29448ba132', '2025-12', 'paid', '2025-0099', 75000.00, 13000.00, 88000.00, NULL, '2026-01-05 10:00:00+00', '2026-01-28 14:00:00+00', '2026-02-05', NULL, '2026-05-12 17:53:55.904535+00');
INSERT INTO public.plan_billings (id, media_plan_id, month, status, invoice_number, total_net_usd, total_fee_usd, total_usd, pdf_url, sent_at, paid_at, due_date, notes_md, created_at) VALUES ('6d6462c8-44a4-4616-8596-64eda53d7b80', 'e138cfc3-0c19-4015-af24-a3a051aa6f07', '2026-04', 'draft', NULL, 0.00, 0.00, 0.00, NULL, NULL, NULL, NULL, NULL, '2026-05-12 17:53:55.909195+00');
INSERT INTO public.plan_billings (id, media_plan_id, month, status, invoice_number, total_net_usd, total_fee_usd, total_usd, pdf_url, sent_at, paid_at, due_date, notes_md, created_at) VALUES ('35594132-28f8-44e2-b147-8946c043a529', '4a4fde3e-4878-42a1-a908-1e4ec02a8406', '2026-05', 'draft', NULL, 0.00, 0.00, 0.00, NULL, NULL, NULL, NULL, NULL, '2026-05-12 17:53:55.909195+00');
-- Data for Name: plan_billing_fees; Type: TABLE DATA; Schema: public; Owner: -
INSERT INTO public.plan_billing_fees (id, plan_billing_id, media_plan_fee_id, amount_imputed_usd, notes) VALUES ('10a63c22-afad-4c31-829f-c46f2c3eed9b', '1312fbf9-e5fc-4e03-888b-b6424eb4f5ee', '68e494e7-cea2-4793-bfb8-baf15fcc7dee', 7500.00, '50% Mgmt Fee');
INSERT INTO public.plan_billing_fees (id, plan_billing_id, media_plan_fee_id, amount_imputed_usd, notes) VALUES ('55a6dbbb-1313-457a-b21f-47c70ee7a5b0', '1312fbf9-e5fc-4e03-888b-b6424eb4f5ee', 'db4e5fc9-9eb9-4fd3-b71e-615f16a651bc', 1000.00, 'Set Up completo');
INSERT INTO public.plan_billing_fees (id, plan_billing_id, media_plan_fee_id, amount_imputed_usd, notes) VALUES ('689c224a-530f-43ee-bd8f-d1bb1d61a748', '1312fbf9-e5fc-4e03-888b-b6424eb4f5ee', 'be46ac3b-f457-41d9-871a-13a6b0996380', 500.00, 'Reporting parcial');
INSERT INTO public.plan_billing_fees (id, plan_billing_id, media_plan_fee_id, amount_imputed_usd, notes) VALUES ('073351ef-9fb9-401b-a4fd-298d219aa9d1', '557226cc-cfb2-452e-b0a4-ede8d2854b96', '68e494e7-cea2-4793-bfb8-baf15fcc7dee', 7500.00, '50% Mgmt Fee');
INSERT INTO public.plan_billing_fees (id, plan_billing_id, media_plan_fee_id, amount_imputed_usd, notes) VALUES ('c5dc104a-ca86-4cc0-9eb5-93409b522dfe', '557226cc-cfb2-452e-b0a4-ede8d2854b96', 'be46ac3b-f457-41d9-871a-13a6b0996380', 1500.00, 'Reporting');
INSERT INTO public.plan_billing_fees (id, plan_billing_id, media_plan_fee_id, amount_imputed_usd, notes) VALUES ('6f6a354b-6b69-48f9-96f7-836d3cb9ac4c', '8d06882a-614e-4499-9257-3ebc2551d7b9', 'cd5d32ba-69eb-4c21-9d02-cd926d6787a7', 5000.00, NULL);
INSERT INTO public.plan_billing_fees (id, plan_billing_id, media_plan_fee_id, amount_imputed_usd, notes) VALUES ('9a813217-c306-4e1f-afec-d8438e51e846', '8d06882a-614e-4499-9257-3ebc2551d7b9', 'ae660a65-eb13-4cf9-9679-4ccb79e0a66b', 1500.00, NULL);
INSERT INTO public.plan_billing_fees (id, plan_billing_id, media_plan_fee_id, amount_imputed_usd, notes) VALUES ('2fb6e8e1-b871-44d6-9d1c-4efc896ebc07', '5026166d-9298-49ee-8d1e-12c34694218a', 'cd5d32ba-69eb-4c21-9d02-cd926d6787a7', 5000.00, NULL);
INSERT INTO public.plan_billing_fees (id, plan_billing_id, media_plan_fee_id, amount_imputed_usd, notes) VALUES ('e6a60483-cc36-4234-9075-d93024082f3a', '5026166d-9298-49ee-8d1e-12c34694218a', 'ae660a65-eb13-4cf9-9679-4ccb79e0a66b', 1500.00, NULL);
INSERT INTO public.plan_billing_fees (id, plan_billing_id, media_plan_fee_id, amount_imputed_usd, notes) VALUES ('bb7df164-3123-4a41-ac67-e8414b8379a1', '2929a755-2127-4c74-8c82-3d3b62148639', '587f47fd-1bf3-49e2-b378-2f114d99eb23', 2400.00, NULL);
INSERT INTO public.plan_billing_fees (id, plan_billing_id, media_plan_fee_id, amount_imputed_usd, notes) VALUES ('12ef3deb-b5b0-4970-b8a3-e8227a1f2686', '2929a755-2127-4c74-8c82-3d3b62148639', '41ff9476-c970-44c4-bac6-5817d4919b16', 500.00, NULL);
INSERT INTO public.plan_billing_fees (id, plan_billing_id, media_plan_fee_id, amount_imputed_usd, notes) VALUES ('6450394d-aa91-4b64-bcfa-8147db83bed3', '2929a755-2127-4c74-8c82-3d3b62148639', 'f6dafb36-5736-4ba6-84cf-701e7f3453ec', 600.00, NULL);
INSERT INTO public.plan_billing_fees (id, plan_billing_id, media_plan_fee_id, amount_imputed_usd, notes) VALUES ('01a53df5-c428-4e25-b24f-720f7a2c6d0c', 'c5d263d7-c857-4b80-8bf8-b00dd9dcc94f', '2a779789-55d1-480b-8c27-6ef942fd614f', 1900.00, NULL);
INSERT INTO public.plan_billing_fees (id, plan_billing_id, media_plan_fee_id, amount_imputed_usd, notes) VALUES ('ea7c2cfd-a85f-4b3e-9b7d-5424baaaa463', '907a3647-2fe1-4f58-bdc0-492036e19e3b', 'fbd15f29-39a0-4384-8237-2cc641df2e07', 1700.00, NULL);
INSERT INTO public.plan_billing_fees (id, plan_billing_id, media_plan_fee_id, amount_imputed_usd, notes) VALUES ('9a28a2a7-e389-4172-a57a-58c76c319e1a', '907a3647-2fe1-4f58-bdc0-492036e19e3b', '2003b592-924a-4ea3-8a5c-e02db6243096', 500.00, NULL);
INSERT INTO public.plan_billing_fees (id, plan_billing_id, media_plan_fee_id, amount_imputed_usd, notes) VALUES ('f3cc6d62-48f0-408b-9d48-2cc77af3bf05', 'fe4f17ec-f1fd-48db-b049-01daa4758d11', '3d569425-cdf0-48ae-abce-17f29b2d8bd0', 9500.00, NULL);
INSERT INTO public.plan_billing_fees (id, plan_billing_id, media_plan_fee_id, amount_imputed_usd, notes) VALUES ('1197da9a-fc65-4e5f-a281-cde10560ea13', 'bee3e379-2da0-4f9d-b402-3bc7e473243e', '3d569425-cdf0-48ae-abce-17f29b2d8bd0', 13000.00, NULL);
-- Data for Name: plan_billing_publishers; Type: TABLE DATA; Schema: public; Owner: -
INSERT INTO public.plan_billing_publishers (id, plan_billing_id, publisher_id, amount_real_usd, is_billable, notes) VALUES ('1a5b2cd4-b64c-4258-a590-3835f8eab155', '1312fbf9-e5fc-4e03-888b-b6424eb4f5ee', 'ceca5033-b010-49ae-9b44-b7a2ebbb122d', 22000.00, true, '50% Bumper + parcial In-Stream');
INSERT INTO public.plan_billing_publishers (id, plan_billing_id, publisher_id, amount_real_usd, is_billable, notes) VALUES ('8b236feb-9925-418d-9482-4bf74b5a5165', '1312fbf9-e5fc-4e03-888b-b6424eb4f5ee', 'fa8772ff-e978-4982-a715-ec113ec87c59', 16000.00, true, '50% Feed + 30% Reels');
INSERT INTO public.plan_billing_publishers (id, plan_billing_id, publisher_id, amount_real_usd, is_billable, notes) VALUES ('9dd29934-6ac9-4fec-83f5-3d9471cad6ca', '1312fbf9-e5fc-4e03-888b-b6424eb4f5ee', '1d5cd775-39e8-44db-b66d-c8b0f73bd979', 10000.00, true, '50% TikTok In-Feed');
INSERT INTO public.plan_billing_publishers (id, plan_billing_id, publisher_id, amount_real_usd, is_billable, notes) VALUES ('f513de9b-f403-4f2f-b492-3cd289a3be55', '557226cc-cfb2-452e-b0a4-ede8d2854b96', 'ceca5033-b010-49ae-9b44-b7a2ebbb122d', 23000.00, true, NULL);
INSERT INTO public.plan_billing_publishers (id, plan_billing_id, publisher_id, amount_real_usd, is_billable, notes) VALUES ('45c7aa1b-6d56-44c1-9564-6529e196900f', '557226cc-cfb2-452e-b0a4-ede8d2854b96', 'fa8772ff-e978-4982-a715-ec113ec87c59', 19000.00, true, NULL);
INSERT INTO public.plan_billing_publishers (id, plan_billing_id, publisher_id, amount_real_usd, is_billable, notes) VALUES ('785e6022-d93c-420d-8a9a-9ff4f7392fd5', '557226cc-cfb2-452e-b0a4-ede8d2854b96', '1d5cd775-39e8-44db-b66d-c8b0f73bd979', 10000.00, true, NULL);
INSERT INTO public.plan_billing_publishers (id, plan_billing_id, publisher_id, amount_real_usd, is_billable, notes) VALUES ('2f32430b-b2ff-42c7-a444-28d55a7f7bb7', '8d06882a-614e-4499-9257-3ebc2551d7b9', 'ceca5033-b010-49ae-9b44-b7a2ebbb122d', 20000.00, true, NULL);
INSERT INTO public.plan_billing_publishers (id, plan_billing_id, publisher_id, amount_real_usd, is_billable, notes) VALUES ('eecc1f67-27a8-4e9c-9669-afa938b7e0f6', '8d06882a-614e-4499-9257-3ebc2551d7b9', 'fa8772ff-e978-4982-a715-ec113ec87c59', 10000.00, true, NULL);
INSERT INTO public.plan_billing_publishers (id, plan_billing_id, publisher_id, amount_real_usd, is_billable, notes) VALUES ('1ed47bdf-81b0-4373-9df6-2dd473c1dfbc', '5026166d-9298-49ee-8d1e-12c34694218a', 'ceca5033-b010-49ae-9b44-b7a2ebbb122d', 20000.00, true, NULL);
INSERT INTO public.plan_billing_publishers (id, plan_billing_id, publisher_id, amount_real_usd, is_billable, notes) VALUES ('9572c62c-29b4-4bb9-a70c-c058e538dad8', '5026166d-9298-49ee-8d1e-12c34694218a', 'fa8772ff-e978-4982-a715-ec113ec87c59', 10000.00, true, NULL);
INSERT INTO public.plan_billing_publishers (id, plan_billing_id, publisher_id, amount_real_usd, is_billable, notes) VALUES ('77b0464a-21f3-4ab4-b3cc-1c4efe59a365', '2929a755-2127-4c74-8c82-3d3b62148639', 'b3208fec-58b5-476b-bd68-d586ce3ed6eb', 10000.00, true, NULL);
INSERT INTO public.plan_billing_publishers (id, plan_billing_id, publisher_id, amount_real_usd, is_billable, notes) VALUES ('36a4edc1-c817-4dd6-a0e6-939fad5ce27c', '2929a755-2127-4c74-8c82-3d3b62148639', 'fa8772ff-e978-4982-a715-ec113ec87c59', 7000.00, true, NULL);
INSERT INTO public.plan_billing_publishers (id, plan_billing_id, publisher_id, amount_real_usd, is_billable, notes) VALUES ('e7b45ceb-f11e-452c-9303-09ac2d498a26', '2929a755-2127-4c74-8c82-3d3b62148639', 'fedae674-bb54-44c8-b718-4d72bc5bef8d', 3000.00, true, NULL);
INSERT INTO public.plan_billing_publishers (id, plan_billing_id, publisher_id, amount_real_usd, is_billable, notes) VALUES ('ff1d6f0f-fc75-46cb-a8af-2ddae67481d3', 'c5d263d7-c857-4b80-8bf8-b00dd9dcc94f', 'b3208fec-58b5-476b-bd68-d586ce3ed6eb', 11000.00, true, NULL);
INSERT INTO public.plan_billing_publishers (id, plan_billing_id, publisher_id, amount_real_usd, is_billable, notes) VALUES ('48474090-67be-4747-b261-c471f413dbe9', 'c5d263d7-c857-4b80-8bf8-b00dd9dcc94f', '30c05361-9210-42f2-b97f-7d08a30c7516', 5000.00, true, NULL);
INSERT INTO public.plan_billing_publishers (id, plan_billing_id, publisher_id, amount_real_usd, is_billable, notes) VALUES ('05e3b091-b296-4f0a-beeb-fb98f3b721b8', '907a3647-2fe1-4f58-bdc0-492036e19e3b', 'ceca5033-b010-49ae-9b44-b7a2ebbb122d', 5000.00, true, NULL);
INSERT INTO public.plan_billing_publishers (id, plan_billing_id, publisher_id, amount_real_usd, is_billable, notes) VALUES ('3346910d-2c70-40c2-b585-7531f0e1aa17', '907a3647-2fe1-4f58-bdc0-492036e19e3b', 'fa8772ff-e978-4982-a715-ec113ec87c59', 4500.00, true, NULL);
INSERT INTO public.plan_billing_publishers (id, plan_billing_id, publisher_id, amount_real_usd, is_billable, notes) VALUES ('6808a6da-b7ce-48c2-a818-97ef424f298d', '907a3647-2fe1-4f58-bdc0-492036e19e3b', '1d5cd775-39e8-44db-b66d-c8b0f73bd979', 2500.00, true, NULL);
INSERT INTO public.plan_billing_publishers (id, plan_billing_id, publisher_id, amount_real_usd, is_billable, notes) VALUES ('32979629-b8c1-497e-875e-98f8c3aa0297', '907a3647-2fe1-4f58-bdc0-492036e19e3b', '2e2a0bf3-de26-4046-afd4-a220c89b9347', 1500.00, false, 'Cliente paga directo');
INSERT INTO public.plan_billing_publishers (id, plan_billing_id, publisher_id, amount_real_usd, is_billable, notes) VALUES ('5465a6d5-52d8-4ab4-ae6e-dd8d02694564', 'fe4f17ec-f1fd-48db-b049-01daa4758d11', 'ceca5033-b010-49ae-9b44-b7a2ebbb122d', 30000.00, true, NULL);
INSERT INTO public.plan_billing_publishers (id, plan_billing_id, publisher_id, amount_real_usd, is_billable, notes) VALUES ('bc3aa122-a1ba-4d72-97ce-2e208a445474', 'fe4f17ec-f1fd-48db-b049-01daa4758d11', 'fa8772ff-e978-4982-a715-ec113ec87c59', 25000.00, true, NULL);
INSERT INTO public.plan_billing_publishers (id, plan_billing_id, publisher_id, amount_real_usd, is_billable, notes) VALUES ('2c693866-4604-42e5-80ae-59eb3810a1b6', 'bee3e379-2da0-4f9d-b402-3bc7e473243e', 'ceca5033-b010-49ae-9b44-b7a2ebbb122d', 50000.00, true, NULL);
INSERT INTO public.plan_billing_publishers (id, plan_billing_id, publisher_id, amount_real_usd, is_billable, notes) VALUES ('6d5b159d-423c-4c99-9dfb-aac2421daed1', 'bee3e379-2da0-4f9d-b402-3bc7e473243e', 'fa8772ff-e978-4982-a715-ec113ec87c59', 25000.00, true, NULL);

COMMIT;
